,annual_return,annual_vol,sharpe_ratio,max_drawdown,positive_weeks
DCMSHRIRAM.NS,0.2311750016865334,0.36150438711448313,0.46517292786737263,-0.3628900671535532,0.5019157088122606
BALKRISIND.NS,0.08872824662806016,0.28391847416125116,0.09057282802198356,-0.36536825725635524,0.5172413793103449
EIHOTEL.NS,0.2882683988871513,0.3657122014520973,0.6159363852153756,-0.41084743130157386,0.5134099616858238
360ONE.NS,0.2918226633580054,0.34011222522309986,0.6727476958886917,-0.3452184424280561,0.5402298850574713
RITES.NS,0.20521726684004035,0.39320585495752075,0.36165361616961156,-0.5058881974624085,0.49808429118773945
LTF.NS,0.24036073172305583,0.32995059915238795,0.5374979911630906,-0.37225905041702034,0.5172413793103449
NMDC.NS,0.28087511432140316,0.3578885796164324,0.6087429977768725,-0.4273431898067087,0.5555555555555556
SPLPETRO.NS,0.34399159000428464,0.3963556981617874,0.7089052682018047,-0.4290040468519636,0.5057471264367817
EXIDEIND.NS,0.14043011504022332,0.28675404634271934,0.2699775941508689,-0.4747023976817032,0.5134099616858238
ALKEM.NS,0.16367394249445652,0.23001047441819406,0.4376365696105228,-0.2715323020338605,0.5095785440613027
SBICARD.NS,-0.04565207997892791,0.2665998080400693,-0.4075960454487086,-0.4307596484737253,0.47509578544061304
SAREGAMA.NS,0.22157693423044528,0.4047434087081837,0.39176422227836516,-0.46247318928576575,0.4942528735632184
MAZDOCK.NS,0.7450700765319795,0.507934210117776,1.3428060474175187,-0.3821369063863166,0.4942528735632184
DEEPAKFERT.NS,0.4181298539809932,0.49364711113715315,0.7193740193624664,-0.5220060698426435,0.5134099616858238
KARURVYSYA.NS,0.4331154027897245,0.3714937119090459,0.9962549659111022,-0.30225917452529283,0.5287356321839081
JWL.NS,0.7330183575243254,0.5953478474773495,1.125401583070689,-0.654149759279818,0.5134099616858238
CDSL.NS,0.3537890298706793,0.4280260552642654,0.6793420138770839,-0.4489323022037828,0.5172413793103449
KIRLOSENG.NS,0.5423163841424303,0.4794849974928962,0.999621341966893,-0.5835787157232577,0.524904214559387
BANKINDIA.NS,0.24008735858635555,0.395078555581021,0.44820051250403214,-0.49453880919349014,0.5057471264367817
UBL.NS,0.07025003588985017,0.24721597603613826,0.02927435560719213,-0.351943406738383,0.4942528735632184
RKFORGE.NS,0.40147753088323446,0.42117754829855303,0.8036149712988111,-0.530537392643711,0.5708812260536399
PNB.NS,0.2743280663619956,0.3453647709302096,0.6118606663246159,-0.35386312266415854,0.5363984674329502
OFSS.NS,0.26894590399507,0.37165595922188865,0.5540956666768614,-0.45917268593128047,0.5095785440613027
MAXHEALTH.NS,0.35207238457306933,0.3449670150390553,0.8379335544436165,-0.2715374848106795,0.5555555555555556
REDINGTON.NS,0.27058184460611534,0.4044990520708129,0.5131505155522305,-0.362935659823046,0.5134099616858238
DIVISLAB.NS,0.14146001417944415,0.2790750649991037,0.28109665291704555,-0.47714798899914224,0.5517241379310345
ASAHIINDIA.NS,0.2568397997730615,0.3429120436937319,0.5652378090592426,-0.3393727916092457,0.5095785440613027
ERIS.NS,0.19900520786658238,0.2717976351995565,0.5003437953797734,-0.29973359052674087,0.5057471264367817
GABRIEL.NS,0.5221094249359383,0.4248610943960122,1.080580179018289,-0.36068656149799616,0.5440613026819924
ETERNAL.NS,0.21868638441653082,0.4418481245736835,0.352323407666702,-0.6974789905605592,0.4827586206896552
PIIND.NS,0.08261833673464379,0.269362336679126,0.07278444893507609,-0.40332821478688685,0.5210727969348659
PFIZER.NS,0.05433952651824832,0.2343398333200405,-0.03701214963951716,-0.4230031902196145,0.47126436781609193
LATENTVIEW.NS,-0.09800258629692435,0.35305570153940113,-0.4560626923469869,-0.6267201791717848,0.39846743295019155
LUPIN.NS,0.1978457980211046,0.2601783627689727,0.5182323737091129,-0.5120312350958409,0.5478927203065134
GODREJPROP.NS,0.09263247947917308,0.3956753449900791,0.07485816935176128,-0.5880331440103379,0.524904214559387
TATACONSUM.NS,0.12662687959952182,0.22339448100408305,0.28476053579304833,-0.2900937787246104,0.5363984674329502
ANANDRATHI.NS,0.5321410340463696,0.28022346407788523,1.6741213591606698,-0.21375840736559792,0.5057471264367817
MOTHERSON.NS,0.19110537609313386,0.349044852072874,0.36697985326768656,-0.49533141530991187,0.5478927203065134
BAYERCROP.NS,0.038674689641017265,0.26564853705657876,-0.09161826420820174,-0.3444358624462851,0.47509578544061304
HOMEFIRST.NS,0.2127005433032461,0.3644210118939719,0.41075456936387744,-0.3713995860669156,0.4942528735632184
FEDERALBNK.NS,0.2883865280458502,0.27336200603280114,0.8244510048086862,-0.2204042243532104,0.5593869731800766
JKTYRE.NS,0.3232066873351811,0.3969074498675762,0.6555526733660522,-0.49000414167148665,0.524904214559387
SHREECEM.NS,-0.013265200300174211,0.2624862177025773,-0.2905986777644608,-0.42938221802831367,0.5019157088122606
ABCAPITAL.NS,0.23079741790163155,0.32497851494843827,0.5162940400311183,-0.3670120034751838,0.5057471264367817
HDFCBANK.NS,0.03165974919508222,0.19397901359888484,-0.16163190913703662,-0.2547637528698814,0.524904214559387
HDFCAMC.NS,0.14829666125372784,0.2756033933303086,0.30944362740819653,-0.4778511919087589,0.5172413793103449
HAL.NS,0.468933368225281,0.35356113093171876,1.1480911933390237,-0.43819612559247456,0.5670498084291188
CREDITACC.NS,0.18271422983812705,0.37270474906719503,0.32116918993419347,-0.5255601689276929,0.5172413793103449
CANFINHOME.NS,0.11906147489129677,0.31962724347900046,0.17535591392537225,-0.4002745835502495,0.5325670498084292
TORNTPHARM.NS,0.26327312224156696,0.2132058044288047,0.9392810635830984,-0.20482830417531928,0.5862068965517241
KAJARIACER.NS,0.05799730548736176,0.29563550359088925,-0.01696562810388371,-0.46601473102560065,0.46360153256704983
PAYTM.NS,0.03967757037437846,0.49329081502544825,-0.04730551717247536,-0.8087344233834834,0.45977011494252873
TRITURBINE.NS,0.409389801071991,0.4559115435851422,0.7597457411422517,-0.4344353548773019,0.5019157088122606
BIOCON.NS,0.02178749707871651,0.3178288072117327,-0.12970960932880096,-0.5264791054956213,0.4942528735632184
BLUESTARCO.NS,0.30329986983608886,0.34281910328274234,0.7009146224337489,-0.344484612594702,0.5287356321839081
BERGEPAINT.NS,-0.04569739016742833,0.24832529996881364,-0.437773910578866,-0.4123448657096943,0.4827586206896552
NEULANDLAB.NS,0.48886131785798426,0.5381258568119758,0.7913545966463175,-0.6196749506656105,0.5287356321839081
ELGIEQUIP.NS,0.29066984940412927,0.47822700956664665,0.47604358882789816,-0.42615122825696927,0.4904214559386973
SHRIRAMFIN.NS,0.2913909344809375,0.3243044034157236,0.7042087143435798,-0.3351098578644146,0.5402298850574713
DEEPAKNTR.NS,0.020066446682679727,0.3232274270931518,-0.13286774949494795,-0.5623800492064691,0.5172413793103449
INDUSTOWER.NS,0.17908932528642016,0.36586061363269723,0.31726940114785057,-0.5438102016568775,0.5172413793103449
CIPLA.NS,0.10557532155458055,0.2159141403772268,0.19712638544483482,-0.27943937829085563,0.5555555555555556
ENDURANCE.NS,0.13516800879274984,0.2918831567556579,0.2472052930329355,-0.4127727119674338,0.5134099616858238
INOXWIND.NS,0.4518611738533605,0.5713347930293223,0.6805960902468873,-0.6883305898229373,0.4904214559386973
ONGC.NS,0.30188672190954724,0.2735134413950227,0.8733529628219032,-0.30887374200286954,0.5593869731800766
LEMONTREE.NS,0.2868441448433989,0.39306672873862225,0.5694483429470083,-0.42344754846582,0.524904214559387
PATANJALI.NS,0.22804115663023894,0.40698238976992285,0.40549226031117525,-0.3745370728956202,0.46360153256704983
PIDILITIND.NS,0.09328968267720504,0.20950755650804304,0.1445138098417636,-0.26583927170310606,0.5287356321839081
CGPOWER.NS,0.5413270102206207,0.4101803338594734,1.1661067663202511,-0.3588619612523427,0.5057471264367817
IGL.NS,-0.03899925062848804,0.3359383009854163,-0.30366349363809436,-0.4465279667373221,0.4827586206896552
INDHOTEL.NS,0.39355247703461427,0.335631346645099,0.9848291372156663,-0.3300892746446511,0.578544061302682
HINDALCO.NS,0.24774040601028824,0.3119820560962163,0.5921092412370297,-0.48241536534049145,0.5747126436781609
SRF.NS,0.18556028333823496,0.2628579268062911,0.4662113002700316,-0.24973480841917306,0.5555555555555556
J&KBANK.NS,0.3821798488173457,0.41601572345256255,0.7671991305351478,-0.4521738334013081,0.5057471264367817
RPOWER.NS,0.5169171427191356,0.6434063084013987,0.7054705390615651,-0.6913847891401,0.4674329501915709
GMDCLTD.NS,0.6242270767890326,0.551729262941205,1.01719116057335,-0.47635703426561293,0.524904214559387
GSPL.NS,0.03925824920366379,0.3404528842221633,-0.06977382008731697,-0.46012165583659503,0.4559386973180077
BEML.NS,0.30509663499549594,0.4634240598083886,0.5223804901282009,-0.5121503712617508,0.5210727969348659
ZYDUSLIFE.NS,0.17409270142157518,0.259059548201634,0.4287807752969955,-0.49218156010009817,0.5287356321839081
JKCEMENT.NS,0.16468816598021055,0.3050618113959627,0.3332938266489523,-0.44522698230392155,0.5210727969348659
RBLBANK.NS,0.16811523730088432,0.43946399665538144,0.23916018287093987,-0.6282256058490252,0.5325670498084292
MUTHOOTFIN.NS,0.24782510499925786,0.2836251825048404,0.6516070113080126,-0.44247389268995196,0.5632183908045977
HINDZINC.NS,0.2762175142312096,0.3876703781699789,0.5499635224699532,-0.4542999275244276,0.524904214559387
ABBOTINDIA.NS,0.15241140785865034,0.2306460476405761,0.38760022674385447,-0.2799296015521314,0.48659003831417624
PNBHOUSING.NS,0.313776711284338,0.5784976264389735,0.43347414462590234,-0.621597451446994,0.5019157088122606
GLAXO.NS,0.16575494125954565,0.30333949602714605,0.3387029882675154,-0.34309223867634164,0.4789272030651341
LODHA.NS,0.31728108340109984,0.5068527543728983,0.5016607559331564,-0.5613430237200756,0.49808429118773945
IRFC.NS,0.4074190154643296,0.4727583014881023,0.7285034802871841,-0.5627567534386037,0.47126436781609193
MCX.NS,0.5011373450052091,0.38936427820531755,1.1252300789611482,-0.4434047163819923,0.5593869731800766
LAURUSLABS.NS,0.2691031761970182,0.33648926592759376,0.6124719257635273,-0.5834971694665636,0.524904214559387
RELIANCE.NS,0.10052492535348535,0.2165467460216118,0.17322808376050322,-0.24584818752599746,0.5402298850574713
EMAMILTD.NS,0.021480829715850063,0.2998734317967021,-0.13849882442368425,-0.5091580684582127,0.47126436781609193
FLUOROCHEM.NS,0.42443705072853793,0.44002757114885716,0.8213669481876226,-0.36700009709545034,0.5210727969348659
SONACOMS.NS,0.1260463281741009,0.34889113718078124,0.18066776126173245,-0.4912272636566808,0.48659003831417624
ABB.NS,0.35413672601459495,0.33257729368919065,0.8753567487715346,-0.47465521286757884,0.5287356321839081
HEROMOTOCO.NS,0.17388071551513717,0.2634700791883719,0.42079832503591963,-0.3983787808332625,0.5134099616858238
ANGELONE.NS,0.6136066335861678,0.6011109105659008,0.9159602269941101,-0.4811264453468652,0.49808429118773945
HEG.NS,0.23210377113091865,0.4772750084027807,0.3542838419325547,-0.6127266908064529,0.48659003831417624
JBMA.NS,0.49524321444523456,0.4944979104442797,0.8740790563934027,-0.5506947118238587,0.4942528735632184
NTPC.NS,0.3065779625556129,0.2445213761418451,0.9960888446772581,-0.30291440506750344,0.5747126436781609
BAJAJHLDNG.NS,0.2588719390319623,0.30191026193243964,0.6487324752816839,-0.3648007255699238,0.5172413793103449
LALPATHLAB.NS,0.05623465168060304,0.33052795104236415,-0.020507481420587465,-0.5562499165635926,0.49808429118773945
CHAMBLFERT.NS,0.2247917909465531,0.3757889298685881,0.4305045481449849,-0.4386447367581129,0.4904214559386973
SUZLON.NS,0.5828406789681232,0.5627612530898909,0.9237091726169374,-0.520790855112077,0.4521072796934866
CGCL.NS,0.061123281349942764,0.38120510381944483,-0.004957085114320577,-0.6283359679454207,0.4904214559386973
OBEROIRLTY.NS,0.256222945892786,0.3534901196095811,0.5465782144366333,-0.3719107128520045,0.5172413793103449
AARTIIND.NS,-0.04288978645026517,0.33435943590693185,-0.31673319958385177,-0.6778074401313307,0.4942528735632184
NBCC.NS,0.31195295396503414,0.4851162993029337,0.513155313122128,-0.47610525686761085,0.5057471264367817
CASTROLIND.NS,0.16847025050415784,0.3032117546436731,0.3478008401504733,-0.3432594168637205,0.44061302681992337
BRIGADE.NS,0.25634848558743506,0.3659439445242264,0.5283200910544007,-0.5436149532335077,0.4789272030651341
HSCL.NS,0.5715409467076435,0.47075031343900675,1.080249942898747,-0.38869012668439307,0.5172413793103449
GALLANTT.NS,0.6224452741111001,0.5101264280525103,1.096654272061994,-0.38103652683347955,0.5363984674329502
NUVOCO.NS,-0.07772708634344504,0.2912099032784065,-0.48329411965252417,-0.5162699481095039,0.4521072796934866
BLS.NS,0.6135346344183787,0.5167778878583277,1.0652965226594844,-0.5193066170249754,0.5517241379310345
JSWENERGY.NS,0.4414749004247393,0.44848441922070287,0.8438686757207186,-0.47791453697867936,0.5210727969348659
SIEMENS.NS,0.24862445547899586,0.28824483995470007,0.6439369669638387,-0.4116092676905264,0.524904214559387
TVSMOTOR.NS,0.39773857205116236,0.29426079918037457,1.1375134760998005,-0.245516430254891,0.5632183908045977
TECHM.NS,0.1492634431489486,0.2820468199809233,0.3058020496710196,-0.4610314390002187,0.5440613026819924
IRCON.NS,0.33950460028649887,0.45664652338139333,0.6054828814715021,-0.6293342081864226,0.45977011494252873
SCHAEFFLER.NS,0.3207570738609573,0.3715222004278082,0.6937516144891893,-0.3924279103711833,0.5057471264367817
NLCINDIA.NS,0.45874367948921835,0.4277364175966419,0.9251742795648644,-0.32407549328057295,0.5172413793103449
M&MFIN.NS,0.14494534708491838,0.3501415443629514,0.23399793857194884,-0.30226705749345484,0.5325670498084292
ZYDUSWELL.NS,0.06031957129672995,0.27011723706002755,-0.009971137822132678,-0.417556687171056,0.4904214559386973
BALRAMCHIN.NS,0.23700474834244284,0.36289464168325464,0.47945541449663764,-0.3933079129570912,0.5325670498084292
RVNL.NS,0.610671462938696,0.571559572201628,0.958182737336626,-0.5789897457792776,0.4827586206896552
CRISIL.NS,0.20784803038013458,0.3094434123039368,0.46805030298168926,-0.3808799588671752,0.524904214559387
SAMMAANCAP.NS,0.083589996532209,0.482991156723587,0.042603366024765436,-0.6798329568745409,0.4674329501915709
KPITTECH.NS,0.3662245479788621,0.41682180080090836,0.7274370004175946,-0.6420465062271947,0.5134099616858238
EIDPARRY.NS,0.24462186209492381,0.3272572997885043,0.5549422876638733,-0.34496928126769855,0.5363984674329502
TEGA.NS,0.2637071401564143,0.3397832601874594,0.5906535611851552,-0.4173502461916613,0.4521072796934866
INDIACEM.NS,0.23862381132307942,0.4224251256432517,0.41572068792091194,-0.398037300474939,0.5210727969348659
MARUTI.NS,0.15739791849509746,0.2414844964455591,0.3908531288292733,-0.2695165094339621,0.524904214559387
TORNTPOWER.NS,0.3101247909925024,0.34985181395727405,0.7063328919228984,-0.37288781361686707,0.524904214559387
ITI.NS,0.29433902557671565,0.5656513612163565,0.40895522214194113,-0.4722161523109535,0.46360153256704983
HINDUNILVR.NS,0.008495880987105669,0.20936094286646023,-0.2603975018552382,-0.3008727538306407,0.4789272030651341
BBTC.NS,0.11106453120192829,0.3696385744464402,0.12999612872736496,-0.50993017897294,0.45977011494252873
GPIL.NS,0.4121956059045855,0.5334851138355923,0.6545312124990357,-0.5585932479280082,0.5517241379310345
MPHASIS.NS,0.12109438171821127,0.32295196730123776,0.17984542626565225,-0.4777240856123187,0.5555555555555556
DALBHARAT.NS,0.08312359857688208,0.32025717233702206,0.06279531832039503,-0.46158954186935164,0.524904214559387
TEJASNET.NS,0.33207115848972607,0.5606054957268296,0.4799421572656912,-0.7879626876338168,0.47509578544061304
BHEL.NS,0.41597947457065737,0.44663970739386805,0.7902712661501131,-0.4497682750529609,0.524904214559387
FACT.NS,0.5732334305308406,0.6657709629550749,0.7663603722977029,-0.4716418154901556,0.45977011494252873
PRESTIGE.NS,0.34267642232816364,0.3989681879456817,0.7009668522008823,-0.4332761807210129,0.5134099616858238
MRPL.NS,0.4390446881140366,0.5248889551818695,0.7164024636185299,-0.5751193841579472,0.5019157088122606
INDIAMART.NS,-0.07446223727883099,0.32543377073227564,-0.4224367510018397,-0.5950217155353132,0.5057471264367817
CUMMINSIND.NS,0.3815711089260562,0.27725492906609966,1.14897203993268,-0.33495833343179426,0.5747126436781609
INFY.NS,0.0436256013304792,0.24714722977707693,-0.07844452144010297,-0.3572822424389749,0.524904214559387
ASIANPAINT.NS,0.0072288195732980115,0.24764883289170656,-0.22525495989995153,-0.37387628271415296,0.5363984674329502
UPL.NS,0.032985969088927924,0.2904870589400495,-0.10336769739838284,-0.43304907090248923,0.5134099616858238
SYNGENE.NS,-0.029369523139343587,0.2816462758877167,-0.32800884848824585,-0.5834836225440503,0.5440613026819924
CUB.NS,0.13569403828832596,0.31317717237902093,0.2320765917918657,-0.3758459772307924,0.524904214559387
M&M.NS,0.31567161927510545,0.29667449444188715,0.8516359731389289,-0.22914470520326968,0.5325670498084292
OIL.NS,0.4876784358609921,0.4240839397865049,1.0013713053580637,-0.5246269408365791,0.578544061302682
TATACOMM.NS,0.09987236290896764,0.2972074002401481,0.12401917106907669,-0.4245218494213856,0.5134099616858238
PETRONET.NS,0.09562903335311174,0.24881080547969786,0.13108789947703428,-0.30091875127814804,0.5440613026819924
NH.NS,0.31616163363398386,0.29804527522050417,0.8493631913846196,-0.2802990737959441,0.5517241379310345
PHOENIXLTD.NS,0.3364401299096801,0.3472935660926256,0.7873085167986266,-0.29328218240868364,0.5517241379310345
BPCL.NS,0.15641944280751927,0.2861166760784809,0.32646295417715876,-0.34116854277435205,0.5134099616858238
CEATLTD.NS,0.22224229407984625,0.3639949385583632,0.43744934260597174,-0.40969325475507046,0.4904214559386973
SCHNEIDER.NS,0.563571641177935,0.49196190643514703,1.0174744977908814,-0.4023106753058755,0.5172413793103449
SOLARINDS.NS,0.5319613446650242,0.36999227859105643,1.2674545505522625,-0.3183407994207307,0.5287356321839081
TCS.NS,-0.0010221712188593615,0.21950842731383932,-0.2917205480357032,-0.4457259849460834,0.4942528735632184
ACE.NS,0.41643800167386946,0.4286289131134336,0.8245478626514138,-0.5021093904484,0.5134099616858238
BRITANNIA.NS,0.11840200186855479,0.20495327740535824,0.2702521036705195,-0.26693296131309874,0.4904214559386973
UCOBANK.NS,0.2468202494581445,0.4628823323250585,0.39709293080876734,-0.6033469190647605,0.4444444444444444
CRAFTSMAN.NS,0.36767786928484814,0.3415537173892349,0.8919970894126225,-0.38709852820997503,0.5402298850574713
SBIN.NS,0.2456644566314987,0.2372655568688258,0.7698188963722614,-0.2255017540951283,0.5593869731800766
JMFINANCIL.NS,0.17291898514041779,0.4083547280944265,0.2691435413462736,-0.4785672351176824,0.5402298850574713
BATAINDIA.NS,-0.10942474167552654,0.25526374259561074,-0.675527544247801,-0.689400032603988,0.4444444444444444
UNIONBANK.NS,0.4207431426387648,0.383235991085279,0.9334462406052364,-0.3360870296053845,0.5555555555555556
POWERINDIA.NS,0.6837880979177487,0.45586783270903164,1.3617437026279147,-0.2902567765013906,0.5670498084291188
CARTRADE.NS,0.13921654353712692,0.48775284157313,0.15623403811602882,-0.7492422093518187,0.46360153256704983
NATCOPHARM.NS,0.11150720290087436,0.354003145084309,0.13698820498822362,-0.5381244438948775,0.4904214559386973
SUNTV.NS,0.11267512267284394,0.29551921531986053,0.16805057878724408,-0.41137974199926997,0.5172413793103449
IDEA.NS,0.12366941633227488,0.5661196078213361,0.10714426421320583,-0.6562325150818074,0.421455938697318
CAPLIPOINT.NS,0.3224366543037288,0.3796706971938077,0.6832860916725251,-0.3990115505056858,0.5210727969348659
BSE.NS,0.919820209612569,0.5598803823859184,1.5303398530695322,-0.5380024366112279,0.5517241379310345
TATASTEEL.NS,0.24124478593779122,0.3161691531512713,0.5637230471909033,-0.3850309324718715,0.5325670498084292
UNOMINDA.NS,0.33097149950335636,0.35440508226169287,0.7560798798305788,-0.31838105367076175,0.5134099616858238
ESCORTS.NS,0.2113418000830198,0.30176553020327307,0.4915367652743985,-0.33491828276455526,0.4942528735632184
DRREDDY.NS,0.08810880992060251,0.22534185769091356,0.11136795747657176,-0.3101784467067652,0.5670498084291188
MAPMYINDIA.NS,-0.03262643258345638,0.36219955198074805,-0.26405162445957153,-0.6656003362398172,0.39080459770114945
GRSE.NS,0.6669718192870098,0.5856323626762044,1.031293538887551,-0.5335211869742257,0.4942528735632184
ENGINERSIN.NS,0.28886807217548127,0.3921893201920602,0.5758829041272411,-0.46963260964809483,0.5325670498084292
GRAVITA.NS,0.6308014679821861,0.4669648453516017,1.2159127740313724,-0.4971051974955778,0.5478927203065134
AFFLE.NS,0.10541375173899162,0.3430609435980339,0.1235955448577197,-0.40066195206207833,0.4674329501915709
IIFL.NS,0.18361205247716458,0.4406033550851182,0.27371354210018983,-0.5366015885978677,0.5210727969348659
HAVELLS.NS,0.0614104533021465,0.2595321175121486,-0.006174550605928967,-0.4181005812872224,0.5287356321839081
GODFRYPHLP.NS,0.4844689869977489,0.46016971916130744,0.915870866666963,-0.4820039403890274,0.5095785440613027
INDUSINDBK.NS,0.018638632029966844,0.3404225887138323,-0.1303506786470168,-0.6074883601040368,0.5210727969348659
INDIGO.NS,0.24061982977452048,0.3174435915620069,0.5594911568540485,-0.3264601988006236,0.5057471264367817
JINDALSAW.NS,0.4429969156721959,0.4704739146929956,0.8076621387703556,-0.5812820763048019,0.5172413793103449
MAHABANK.NS,0.3150891913303619,0.37331921194788675,0.675229765217551,-0.4612736406820732,0.5325670498084292
NYKAA.NS,-0.01745580239849165,0.39017970897013676,-0.20623509640333362,-0.7030897311495306,0.40229885057471265
RECLTD.NS,0.36833329390424197,0.3526165566207696,0.8658707048092961,-0.4560516061771024,0.5478927203065134
ASHOKLEY.NS,0.24437456241436994,0.29230385550914817,0.620455774019391,-0.29682615751030905,0.5287356321839081
GRANULES.NS,0.19545628486562486,0.33843871276661774,0.39133625195344185,-0.38602732207220114,0.5019157088122606
WIPRO.NS,0.03675273459642255,0.2611313499893516,-0.10056323340815818,-0.48800535075916207,0.5440613026819924
CHALET.NS,0.36997697673140506,0.3439289199768789,0.8925217142438964,-0.3115477423083911,0.5478927203065134
BHARTIARTL.NS,0.2761934734909743,0.20783542066743801,1.0257179710310298,-0.1724696020813642,0.5708812260536399
FORTIS.NS,0.31430587820725114,0.28943496704082744,0.868218976030684,-0.2729744840535039,0.5363984674329502
IOC.NS,0.2538521183200517,0.2826461994644885,0.67518746470334,-0.36953502086633083,0.5287356321839081
MANAPPURAM.NS,0.19072550558541454,0.3792496545916739,0.3367506246705206,-0.5976927523803324,0.5593869731800766
INDIANB.NS,0.4936391953113009,0.3715796211985277,1.158907063920054,-0.2463014407650449,0.5517241379310345
BDL.NS,0.5013053100421336,0.46710596448970615,0.9383146349359093,-0.45948423767013047,0.4942528735632184
BANKBARODA.NS,0.3176787784464126,0.33283018699643013,0.7651524438002822,-0.2923271988425029,0.5478927203065134
NESTLEIND.NS,0.09391475297355709,0.1817426005041376,0.1700306113825217,-0.21204059132238928,0.5172413793103449
SUPREMEIND.NS,0.17461187983979018,0.31140900695796675,0.3583677088674072,-0.47417961805182995,0.5019157088122606
LICHSGFIN.NS,0.10116307483579835,0.30757689238711455,0.12403443914178588,-0.41191479158949285,0.5402298850574713
CENTRALBK.NS,0.2199843111019066,0.4134839035919592,0.37963113495518896,-0.5046066431914521,0.4942528735632184
TRIDENT.NS,0.20887618558512244,0.428050918841276,0.34076141802097215,-0.6295419826260752,0.44061302681992337
RADICO.NS,0.3530499920174785,0.29889965767254856,0.9703492027402439,-0.38988491738203834,0.5478927203065134
COLPAL.NS,0.0788250614915236,0.2207421782750584,0.0716315935608444,-0.4994435093525287,0.5095785440613027
CYIENT.NS,0.12039257228495381,0.34284875331123976,0.1673613342186347,-0.6578974900240273,0.4904214559386973
CLEAN.NS,-0.1136040795995738,0.31558061126475045,-0.5596574085693542,-0.7338956779326931,0.40229885057471265
USHAMART.NS,0.5772953203057193,0.42941602965116593,1.1976319869286316,-0.3339628091976684,0.5517241379310345
ZENSARTECH.NS,0.21500482351575972,0.3649770248709673,0.41644231187950864,-0.6208573675672604,0.5057471264367817
YESBANK.NS,0.10233330022065908,0.4011775114264407,0.09801235514239343,-0.48439488118645224,0.42911877394636017
RAMCOCEM.NS,0.01964174032710051,0.2767029082018128,-0.15674286710733062,-0.4823268073048599,0.4827586206896552
VIJAYA.NS,0.13924210403977713,0.3675635483000471,0.2073904142473917,-0.49704944674612606,0.4329501915708812
MFSL.NS,0.1375419769343654,0.26947333599031953,0.276572927576974,-0.44777645673640076,0.49808429118773945
POWERGRID.NS,0.25261426079702715,0.24688908239648544,0.7679615131662744,-0.2754589628700753,0.5287356321839081
BAJAJFINSV.NS,0.13956614213187063,0.2708946715451026,0.28259394767584317,-0.39315791126384425,0.524904214559387
TECHNOE.NS,0.3391324557555053,0.4305044128883827,0.641386011370587,-0.4808093936988851,0.5095785440613027
VBL.NS,0.35979058766976174,0.3383661144492192,0.8770903098770899,-0.4173822088811433,0.5632183908045977
HONAUT.NS,-0.0739263077578279,0.2508144650761302,-0.5459782999830237,-0.5337263163656792,0.4329501915708812
ASTERDM.NS,0.44002480094665086,0.3806631718465574,0.9904080072212303,-0.310699068635498,0.5287356321839081
ADANIPOWER.NS,0.5827958291560786,0.5531972436401692,0.9395977431850431,-0.6440101937008738,0.524904214559387
IDBI.NS,0.22789719595914548,0.459181912659765,0.35908262916646894,-0.5071999749766847,0.4904214559386973
CARBORUNIV.NS,0.1605355818934867,0.3271292042329072,0.29811656414651394,-0.5708526823288945,0.5172413793103449
DABUR.NS,-0.01816800617516271,0.21076258800277015,-0.3851772482015872,-0.36206944014282516,0.4674329501915709
IRCTC.NS,0.13706389178408887,0.3289816680143566,0.2250914001848521,-0.5267721147716143,0.5095785440613027
BSOFT.NS,0.15249003187763263,0.37970978120873305,0.23564598230050957,-0.592111858428874,0.4904214559386973
HDFCLIFE.NS,-0.009480452831089323,0.233055263357063,-0.3110566965209949,-0.36801143772217115,0.4674329501915709
TIMKEN.NS,0.248411064786178,0.34979606907914534,0.5300177265532403,-0.4593703054365945,0.5019157088122606
PFC.NS,0.42261319378156514,0.3585379321950755,1.0029629057221272,-0.35194713449230064,0.5747126436781609
SBILIFE.NS,0.1635885399824249,0.2112084565680586,0.47619112473570313,-0.26794967480128373,0.5555555555555556
SUNDARMFIN.NS,0.16425116547513768,0.3071104847098372,0.329647547120379,-0.39136204394217244,0.5325670498084292
AKZOINDIA.NS,0.11703417674347819,0.26893312188685803,0.20087235394759637,-0.352876865374797,0.48659003831417624
JUBLINGREA.NS,0.24850926766475595,0.4289886490068646,0.4324037957615015,-0.5393408529883122,0.5057471264367817
TATAINVEST.NS,0.47005242206969144,0.48340287593421,0.8420294848007883,-0.4551557770589587,0.4904214559386973
ZEEL.NS,-0.09352295538942049,0.4577821808057042,-0.3419440717624785,-0.7958955829033103,0.44061302681992337
GAIL.NS,0.1670347750399763,0.2903753368805439,0.3582323094718618,-0.3787628397406463,0.5363984674329502
PCBL.NS,0.30154187611156263,0.41366171524648687,0.5766280026031468,-0.5523722046470304,0.5555555555555556
KPRMILL.NS,0.34569825289354605,0.37789440828808285,0.7480536869507088,-0.3667983091044569,0.5517241379310345
SARDAEN.NS,0.5976760399089927,0.4446525352716823,1.202428975439721,-0.40554948777051114,0.5670498084291188
GRASIM.NS,0.14706728339676703,0.23816787553938978,0.352920542750848,-0.3058463450864959,0.5555555555555556
CROMPTON.NS,-0.055382146338825385,0.2923692148068735,-0.4049506166804231,-0.5267977410015103,0.4367816091954023
ADANIGREEN.NS,0.12203963971252323,0.6058223519164287,0.09743234469677772,-0.8312404635216495,0.4674329501915709
MMTC.NS,0.17151588897060127,0.5429010814667112,0.19985766317112247,-0.5404271450476421,0.4329501915708812
DEVYANI.NS,0.023360772062597415,0.36315587898681095,-0.10918775580232815,-0.5665093206199829,0.421455938697318
ATGL.NS,0.05373064185040801,0.633122922585637,-0.014661142906140187,-0.8767145632248593,0.4329501915708812
COCHINSHIP.NS,0.5345580030370152,0.5231142683719845,0.9014188372436289,-0.5624560501337885,0.4904214559386973
KEI.NS,0.4784231272101074,0.37372661312047517,1.111534916515581,-0.4562567897327815,0.5670498084291188
TATACHEM.NS,0.035919951511363846,0.34609162934285587,-0.07828272540329378,-0.5280425789120583,0.5057471264367817
LT.NS,0.2220227342856668,0.23911613160416545,0.6649897927142094,-0.27132900942354476,0.5823754789272031
APTUS.NS,-0.05657242225679157,0.313246878120812,-0.38176077115207335,-0.4604256530090485,0.4099616858237548
HCLTECH.NS,0.1387750875731582,0.2509053016550828,0.3019551184363515,-0.3278922635647754,0.5363984674329502
JBCHEPHARM.NS,0.2760097252169334,0.2817892354840067,0.7558726555167973,-0.2332534052495272,0.5517241379310345
CAMS.NS,0.18938943361839763,0.3385166487462743,0.37332428579467125,-0.44172174791797303,0.5325670498084292
APOLLOTYRE.NS,0.1666845905959501,0.2915031043887668,0.35564507389292815,-0.31994916571826826,0.5057471264367817
ATUL.NS,0.005905347604891101,0.26707427223245506,-0.21382666107573617,-0.4906529634198642,0.45977011494252873
SHYAMMETL.NS,0.2025319143527637,0.3212878241473607,0.4342491572079721,-0.37614615049124656,0.4482758620689655
AXISBANK.NS,0.13419192511211522,0.24567136419039254,0.2897324963008841,-0.27941090750591735,0.5402298850574713
GESHIP.NS,0.39841324544848894,0.3421292303866777,0.9803321907743082,-0.4247976260918416,0.5478927203065134
AMBER.NS,0.20967448296640334,0.3960612277225476,0.37030015867535215,-0.5135367439811944,0.5287356321839081
ANURAS.NS,0.2311470492241476,0.32567576246508717,0.5162622494714589,-0.4807666482631757,0.49808429118773945
ELECON.NS,0.6091287485493221,0.49156850703436555,1.1109658028103782,-0.4623535936359924,0.5095785440613027
WELSPUNLIV.NS,0.1550337022795102,0.42642998586510455,0.21579334904705916,-0.6099902418865237,0.4904214559386973
APLAPOLLO.NS,0.26869157144196615,0.33578130377242693,0.6125374511195953,-0.24141663626973053,0.5287356321839081
GMRAIRPORT.NS,0.33338930016479984,0.34807950350976097,0.776766083446303,-0.30166868841524586,0.5517241379310345
UTIAMC.NS,0.19806240329731387,0.37205416044124406,0.36298332382995113,-0.4736595979408892,0.49808429118773945
ABFRL.NS,-0.06560007827776893,0.39541866460004993,-0.32525785272034385,-0.7455678237709157,0.4827586206896552
GVT&D.NS,0.8163333392974407,0.5087634651006563,1.4806888534199498,-0.41912268227808414,0.5670498084291188
HUDCO.NS,0.409279603547998,0.45324297900406085,0.763975774789236,-0.49555048759350495,0.4942528735632184
GICRE.NS,0.19733243800643177,0.3439981960691242,0.39046568280216204,-0.4681741234958541,0.4827586206896552
GLENMARK.NS,0.34367335067212756,0.3100333559117154,0.905258733697218,-0.46973747666895316,0.5555555555555556
COFORGE.NS,0.22794953522640776,0.37326777314992343,0.4418720275231787,-0.4479484618451668,0.5593869731800766
SWANCORP.NS,0.2966798502899146,0.5187535174524136,0.4504391679922637,-0.6061570683974109,0.46360153256704983
CHOLAHLDNG.NS,0.21654499213790263,0.31059806900569226,0.4943110082229767,-0.34315148384641614,0.524904214559387
IRB.NS,0.3876338862383639,0.4914654666514819,0.6605162738178237,-0.4787226243295133,0.49808429118773945
ACC.NS,-0.025420611611524313,0.27571534076182697,-0.3207422512754037,-0.5135010713981369,0.49808429118773945
FINCABLES.NS,0.21864537352391736,0.3704628358607879,0.4201026687783915,-0.5604763921057003,0.49808429118773945
VOLTAS.NS,0.09666280823073224,0.31767975032896506,0.1059238453200049,-0.43459377077174677,0.5478927203065134
POLICYBZR.NS,0.10148730021756437,0.42421551193554985,0.09069529906256829,-0.7172289511737977,0.421455938697318
ANANTRAJ.NS,0.5360447828353694,0.4885501979283446,0.9682358892609834,-0.5233462797110535,0.5670498084291188
IEX.NS,0.09909568833005868,0.3959270449600794,0.09113482216934096,-0.580476847586852,0.4942528735632184
GRAPHITE.NS,0.12276382158558118,0.3971408929988575,0.15045258532508737,-0.64483641888676,0.48659003831417624
TITAGARH.NS,0.6395998318591982,0.5136071977851877,1.1226222818722296,-0.6792034372729824,0.4904214559386973
BEL.NS,0.524385894959253,0.31947032907902523,1.444180900284912,-0.2587301522361578,0.6015325670498084
JUBLPHARMA.NS,0.10764273583691279,0.3702884911787944,0.12052707390188384,-0.6766761314081511,0.4789272030651341
SCI.NS,0.26991274424999023,0.4904515080296575,0.4218557663031793,-0.5769849617440657,0.4942528735632184
AMBUJACEM.NS,0.11683468150303851,0.316447668411324,0.1700809940476191,-0.4057659385851837,0.524904214559387
PAGEIND.NS,0.06540121252499469,0.25093382169245165,0.009517509490341289,-0.4072363262255323,0.46360153256704983
IDFCFIRSTB.NS,0.055173237244336974,0.2964547677275317,-0.026444878290699594,-0.48376353399988525,0.4942528735632184
CANBK.NS,0.36945526673939133,0.3558705691252404,0.8611061038204506,-0.3359338470312814,0.5708812260536399
SONATSOFTW.NS,0.13183581100422337,0.40078627862888344,0.17171961012258652,-0.7317237187122181,0.5172413793103449
JUBLFOOD.NS,-0.008317806736806236,0.30032176652751885,-0.2375144334596849,-0.5151499638687516,0.48659003831417624
WELCORP.NS,0.47239906278794813,0.4668030692338185,0.8769996220553987,-0.3384971760287926,0.5517241379310345
HFCL.NS,0.3220020545386593,0.5028783175786683,0.5150134694414518,-0.6213872343209799,0.4789272030651341
TTML.NS,0.41931715481917375,0.7053690262971681,0.5051316318693523,-0.874126141597381,0.42911877394636017
WOCKPHARMA.NS,0.35107856232567136,0.4986434828073484,0.577698545678931,-0.7551335574667093,0.4789272030651341
ADANIPORTS.NS,0.19972303491170518,0.3718216442305554,0.3676765178611985,-0.46829034142807835,0.5210727969348659
POLYCAB.NS,0.3853190471094978,0.34508554913399925,0.9339889787409058,-0.3733972121398452,0.6015325670498084
TARIL.NS,0.8648495761767037,0.6220806446246202,1.2889592942808303,-0.6246022470767391,0.5172413793103449
WHIRLPOOL.NS,-0.14496028258510102,0.31776243442284324,-0.6544928146035737,-0.6792004758357432,0.4559386973180077
MARICO.NS,0.16080310927495728,0.22149331852464177,0.4415038901884015,-0.1816858430004059,0.4942528735632184
NHPC.NS,0.30590301683185483,0.31107617870108545,0.7808057510236419,-0.3481973308865053,0.5287356321839081
ECLERX.NS,0.3554571496022642,0.4154493167814034,0.7039226935605964,-0.40114235092427,0.524904214559387
NAM-INDIA.NS,0.255286756511947,0.3124926716338934,0.6152906178920566,-0.5173932885619448,0.5517241379310345
ULTRACEMCO.NS,0.11961905066752683,0.23742181297643947,0.23841997692754108,-0.3593045389260924,0.5210727969348659
SAIL.NS,0.22807045437775975,0.3950797736648773,0.4177827311964066,-0.49293795765356285,0.5019157088122606
BLUEDART.NS,0.019925238007557355,0.29146692495134513,-0.1478305282673994,-0.4656994781574815,0.5057471264367817
DMART.NS,0.12950761304066555,0.3155168047939563,0.21074841192214708,-0.3931720877846917,0.49808429118773945
SUMICHEM.NS,0.10703189895857329,0.3041794193140826,0.14471377308249786,-0.40593042195697604,0.47509578544061304
ITC.NS,0.12689756890382076,0.20971011302483875,0.3046330026090105,-0.3854700802702966,0.524904214559387
COROMANDEL.NS,0.2211771293500676,0.2377135353777012,0.6653562305704325,-0.2720413397475424,0.5593869731800766
NAUKRI.NS,0.08781222709154303,0.32436930991096713,0.0764538408481393,-0.5048583789933163,0.5632183908045977
MGL.NS,0.028298883869944037,0.3056127196478775,-0.11358841237250256,-0.5009360059736425,0.5210727969348659
AAVAS.NS,-0.09888234908148184,0.32156510473780064,-0.5034604009943118,-0.6421378603272156,0.46360153256704983
THERMAX.NS,0.2506370128516127,0.36130490667686627,0.5192956472186122,-0.4914485068787595,0.5555555555555556
VTL.NS,0.23712413100737095,0.39086718421771527,0.4454484554907041,-0.5294561789493206,0.524904214559387
GODREJIND.NS,0.15763783006566354,0.3850567542474756,0.2457426899445037,-0.42979035512539,0.4827586206896552
JPPOWER.NS,0.4657825773055155,0.6019988948303401,0.6690537694814837,-0.43939389852635014,0.42911877394636017
FORCEMOT.NS,0.7113242343590015,0.5433669367615026,1.1931371657012917,-0.4159948072743499,0.4827586206896552
NCC.NS,0.19409113309086964,0.3739781104559171,0.35049694602575243,-0.5952501171215716,0.5287356321839081
PERSISTENT.NS,0.40164501689564536,0.34409060801198843,0.9841363336143657,-0.35626807143444417,0.5938697318007663
TATAELXSI.NS,0.14715896923838132,0.32879010940284265,0.25592625610186515,-0.5817371284785291,0.4942528735632184
IPCALAB.NS,0.13329215914088363,0.28010889152051754,0.2508996100187938,-0.46320898105503017,0.48659003831417624
PGEL.NS,0.6230785011148927,0.5163057777917612,1.0847555415992103,-0.552795632049216,0.5555555555555556
CHENNPETRO.NS,0.6232510978083781,0.5296318477275105,1.0577878817457838,-0.5558396918089763,0.5210727969348659
DATAPATTNS.NS,0.3806642401643767,0.4518827489763582,0.7029506954809787,-0.5750698686897078,0.42911877394636017
APARINDS.NS,0.7193125103730232,0.46974207578080424,1.397148768899474,-0.5523117390177557,0.5900383141762452
TATAPOWER.NS,0.3185200164595133,0.3254795620165564,0.7850172446493798,-0.3104181519163485,0.524904214559387
NATIONALUM.NS,0.5204709372838011,0.423302045592734,1.0806892963336634,-0.45762712782530945,0.5708812260536399
CONCOR.NS,0.0018054203638782074,0.31958567841899227,-0.19152149568938107,-0.6038507124041408,0.47126436781609193
GODREJCP.NS,0.10818654656510135,0.27586323798750634,0.16375360268756817,-0.3881716294975055,0.49808429118773945
AJANTPHARM.NS,0.21926480725784564,0.26294184111959334,0.5942449444217163,-0.2766104609695984,0.5057471264367817
BAJFINANCE.NS,0.13132771905652185,0.27596600454367715,0.24754777920524812,-0.31074409261619484,0.4904214559386973
BAJAJ-AUTO.NS,0.22714654690245442,0.24842005120112118,0.660709949189981,-0.4075112108509553,0.5478927203065134
SUNPHARMA.NS,0.23238363449621802,0.19626714542607954,0.8629599550803027,-0.17816124101985753,0.5632183908045977
CHOLAFIN.NS,0.22773189328629417,0.31828768751796194,0.5175159211316003,-0.26068984110416826,0.5363984674329502
DIXON.NS,0.27557910920036366,0.38055128355699414,0.558574286540119,-0.5159722408183036,0.5440613026819924
CCL.NS,0.3788907462624585,0.3508948668124927,0.9002063827159504,-0.33609498036096597,0.5363984674329502
ASTRAL.NS,0.09070476720664832,0.3086927937655632,0.08970672548996951,-0.48431248913630176,0.524904214559387
KEC.NS,0.12419714807514384,0.3800289028595893,0.16099880856209672,-0.5691432617249186,0.4789272030651341
MINDACORP.NS,0.39983072030250344,0.3967604176677715,0.8489197959483691,-0.3405236527234248,0.5555555555555556
OLECTRA.NS,0.4353532061595977,0.5198240699902309,0.7162812962297146,-0.5669697086679395,0.4674329501915709
IFCI.NS,0.4633785695186826,0.6294944094128498,0.6360114022244099,-0.5288184167430399,0.4904214559386973
LTTS.NS,0.1031461186797129,0.31928615611292716,0.12569655907639535,-0.4820376759193261,0.5363984674329502
NAVA.NS,0.6881404582807681,0.5138359087522031,1.2165897714374143,-0.3924832341515785,0.5440613026819924
MOTILALOFS.NS,0.2805556556074284,0.49419546745104703,0.4401956764878425,-0.5101069851751188,0.5095785440613027
ABREL.NS,0.2733730282161514,0.4240983738003821,0.4960171830783207,-0.6292864791673964,0.5287356321839081
JINDALSTEL.NS,0.28791409279192565,0.3505084765098605,0.6416425289789234,-0.4356787350725162,0.5517241379310345
IOB.NS,0.2281124412309943,0.4508790383961553,0.36617247571031225,-0.547116716540301,0.4789272030651341
SOBHA.NS,0.3131314802368393,0.4978509612950882,0.5023964041178156,-0.5545705353996082,0.48659003831417624
ADANIENT.NS,0.23430667055691506,0.5130914396860011,0.33384638645726245,-0.6727075904181746,0.5057471264367817
NIACL.NS,0.05194999520917584,0.4402780784312475,-0.02512719308177157,-0.5753567391918616,0.4482758620689655
RAILTEL.NS,0.26765996884965454,0.48261224848124046,0.4240402559157596,-0.5554990849681907,0.4559386973180077
KIMS.NS,0.26414720755670024,0.2848813356296428,0.7060282121205501,-0.2360391544586341,0.5210727969348659
BOSCHLTD.NS,0.20870812447336656,0.2516464752380061,0.5789676840892747,-0.31510939660019854,0.5210727969348659
RHIM.NS,0.16184640485450338,0.3862142672212003,0.25590317537986845,-0.6094570506489874,0.47126436781609193
POLYMED.NS,0.16755506432035056,0.38777927094318443,0.2695918133284603,-0.6061682612775154,0.4482758620689655
ICICIPRULI.NS,0.06122733091848773,0.26491386029441005,-0.0067403667558843805,-0.43939508669689076,0.5172413793103449
SJVN.NS,0.2845981342157873,0.36193018496593643,0.6122318500211662,-0.5448016213039343,0.5095785440613027
ICICIBANK.NS,0.16861670518256205,0.19699324848355074,0.5360780559735323,-0.173963420772836,0.5287356321839081
HINDPETRO.NS,0.2550601503094383,0.36517677191119574,0.5259020222144672,-0.3965417077602502,0.5555555555555556
ICICIGI.NS,0.06186376799224778,0.21464947881800597,-0.005353749329695499,-0.3427496105052972,0.47509578544061304
3MINDIA.NS,0.054862737195780116,0.2859083641330171,-0.028506372398455656,-0.3641982830089169,0.47509578544061304
ZFCVINDIA.NS,0.20275548873491797,0.3091631182349732,0.4520026257890189,-0.4179139163522043,0.5402298850574713
DLF.NS,0.17995673784356675,0.3393980945367194,0.34456230671420424,-0.4251044216374611,0.5363984674329502
JSL.NS,0.5545774122179062,0.4142187037773677,1.186726867327847,-0.5435435430053124,0.5823754789272031
AIAENG.NS,0.15582363116916492,0.26907408837396846,0.34492612883847906,-0.34940561565830996,0.4789272030651341
ABSLAMC.NS,0.10909795029300068,0.2683262766765667,0.1717498687352232,-0.5369568081033924,0.4444444444444444
GILLETTE.NS,0.1079310977617739,0.2571004983850241,0.17471047527460248,-0.31951018421505983,0.4674329501915709
KALYANKJIL.NS,0.43512986985334134,0.4307272357585354,0.863927078357218,-0.5265176869445709,0.5402298850574713
KOTAKBANK.NS,0.019837165848330382,0.20348163151364557,-0.21218515561373114,-0.28667890742195756,0.5172413793103449
GLAND.NS,-0.015489900637108256,0.33570262192413014,-0.2338463956067621,-0.7848829163908335,0.4559386973180077
SAPPHIRE.NS,-0.034520916323677465,0.3333276611731193,-0.2926065705918441,-0.5869349397164227,0.41379310344827586
INTELLECT.NS,0.07642460933056476,0.4387988925536399,0.030564484237699207,-0.5793523750009719,0.47126436781609193
JSWSTEEL.NS,0.20831569913357278,0.27036969990521087,0.5374224688969415,-0.28440001356456057,0.5593869731800766
BHARATFORG.NS,0.25195213034113706,0.3119527547978641,0.6056660181378258,-0.4244985061013774,0.5440613026819924
MRF.NS,0.11153718334046495,0.23123743257094226,0.20984593759485212,-0.3020542605794263,0.4789272030651341
CESC.NS,0.27721309385296455,0.32182252919191195,0.665584683879113,-0.3704079197067742,0.524904214559387
AUROPHARMA.NS,0.13324226213629098,0.3001210844558281,0.23400326827433607,-0.5985569482382659,0.49808429118773945
NEWGEN.NS,0.32908826562621274,0.46468522153292224,0.5725925977436588,-0.749094820669362,0.5210727969348659
FSL.NS,0.21374824161525385,0.37854938116532166,0.39819189151925977,-0.5648932137409743,0.5210727969348659
AUBANK.NS,0.1127068696403165,0.31631670913743154,0.15710179294744936,-0.3712687607802886,0.5440613026819924
TRENT.NS,0.37034329951923256,0.34361642067241294,0.8943994918002975,-0.5868165368788487,0.6015325670498084
TIINDIA.NS,0.21927645658742367,0.366426368934844,0.4264526855588291,-0.5198459251521654,0.48659003831417624
VEDL.NS,0.4368895061831174,0.38141907643630923,0.980225116637446,-0.4608776467548178,0.5478927203065134
BANDHANBNK.NS,-0.10578634379483755,0.3555407786305854,-0.4747677381497013,-0.6161467648298217,0.47509578544061304
COALINDIA.NS,0.37118342627725687,0.2972959488606761,1.0365781301853116,-0.3084013396713927,0.5708812260536399
POONAWALLA.NS,0.33955312736530635,0.4405492436112515,0.6277168418287904,-0.43911086636069396,0.4904214559386973
EICHERMOT.NS,0.23382183286431663,0.2807321940115645,0.6084406741098284,-0.2232263383717763,0.5555555555555556
TITAN.NS,0.22590558427843777,0.24541473585106324,0.6637443192559737,-0.28359239233032485,0.5977011494252874
NAVINFLUOR.NS,0.196858470487323,0.2964824738886941,0.45144497492955454,-0.3789107576346943,0.5363984674329502
LINDEINDIA.NS,0.34612358887719685,0.36979923919062585,0.765579296488678,-0.41137143308306445,0.5095785440613027
STARHEALTH.NS,-0.08099421663477914,0.31900340327115356,-0.4514283003055047,-0.6161989334916309,0.4099616858237548
ZENTEC.NS,0.7345866938375958,0.6017022295213273,1.1161230811397596,-0.5874005576501451,0.5134099616858238
HINDCOPPER.NS,0.38359993453017943,0.4615267962563756,0.6946226950092534,-0.5088185162048355,0.524904214559387
APOLLOHOSP.NS,0.2252147495106216,0.2759200005750503,0.5878580808820834,-0.3762220569784047,0.5402298850574713
GOLDBEES.NS,0.23472583844297804,0.14105516309011396,1.2173456624036445,-0.10691494431353865,0.6053639846743295
ETF_NIFTYBEES,0.1360439778960567,0.16783362352739278,0.4351394486132147,-0.2588573996241187,0.5900383141762452
ETF_JUNIORBEES,0.037149464353752645,0.010577067503415642,-2.4452413803244095,-1.0061566400376698e-05,0.2260536398467433
CRYPTO_BTC,0.16495873305687567,0.5265572201451318,0.19360818095550525,-0.751143753537916,0.49808429118773945
CRYPTO_ETH,0.2658165799834261,0.7342541582166157,0.2762035872979107,-0.7679023625132098,0.4789272030651341
SILVERBEES.NS,0.28718324761865016,0.2641195714700214,0.8487455089957435,-0.27407511350134595,0.47509578544061304
EMBASSY.NS,0.13258672492113682,0.17101016495603183,0.4068400111972038,-0.2318488160456439,0.5555555555555556
