return,volatility,sharpe
10.063050265925144,17.674891088772437,0.20158824447798088
8.843295418468527,17.546875779399006,0.13354487989364378
7.2797223941183775,17.662766631060844,0.044144975156224814
11.391994072057436,18.319493866726656,0.26703762165300154
8.168425048876982,18.190057624423275,0.09172181217484623
8.669231523388353,17.709975141156832,0.12248642395590945
7.331161189278272,18.075204290499748,0.04598350181387033
5.839668742198319,17.283026849834414,-0.038206921943652904
10.245861183628739,17.551957343426892,0.2134155815409124
10.205956154763118,18.124418738255603,0.20447310384309741
7.205646859873051,17.116959221092795,0.04122501261809982
10.503919469869334,17.685763859735044,0.2263922271960787
7.1700709148406965,17.81368718392422,0.03761550923861486
4.573208900860335,18.403293699214156,-0.1046981660256795
7.5420902490791875,17.053348773443766,0.06110766060810161
8.189917934281155,19.354079102982556,0.0873158534327128
5.014803098484387,18.10828890958871,-0.0820175174435819
6.062229075892393,17.876183161873435,-0.024489060116663533
7.328675686440865,17.275295313740045,0.047968828977515136
5.054476472843851,18.05727979914997,-0.08005211987822193
6.151387639563747,18.565373457258875,-0.018777557113991157
6.928460810883951,18.248388635183876,0.023479377793272995
8.423450692214129,17.867424800775645,0.10765125437274144
9.125927902035228,18.02689938032679,0.14566719692799576
8.580551005099194,17.27084506752582,0.1204660800884162
5.376854413746342,17.083029949892797,-0.0657462750781343
4.472930894644771,17.82220679496908,-0.11373838990171733
5.345100460118414,18.04571263465717,-0.06399855540554145
9.675859880604683,17.588550759844125,0.1805640455525983
5.100685968788824,17.43731394331717,-0.08024825588160392
7.036352038248572,17.535831136544893,0.030586063133945657
10.544780992278941,17.611449287614615,0.22966769663434025
7.969010814084088,16.966230039842078,0.08658439798555041
6.2790472874463505,17.24381311073642,-0.01281344857629427
4.408133286415335,17.623939874540735,-0.11869461246894869
6.4569147619438425,17.291406306375844,-0.00249171393539408
2.487215176974085,17.075514767644798,-0.2350022753416173
5.826635830156122,18.801398233283063,-0.03581457939930547
5.730321095249174,18.74999637166166,-0.04104954953026564
9.299908588405112,17.976330654951465,0.15575528967219432
8.821598088623812,17.994313194686633,0.1290184328518487
8.497507699375987,17.612705235332612,0.113412884204115
7.553654185314326,17.872320511036275,0.058954526059651166
8.446126997009856,17.612478556628872,0.11049705416262297
6.312520516553693,17.60176239052275,-0.010651176813251983
6.008235958673844,18.369176028226242,-0.026771154055604166
8.287777195998089,17.764851877748477,0.10063563762315321
10.912137139567895,17.56512270253248,0.25118737934758445
6.644728685065754,17.952204780325815,0.008061889157167188
6.094388044999185,17.54225524288378,-0.023121995968298083
6.670213597767727,17.038949125294025,0.009989676975738337
6.516533091082478,18.08882986508195,0.0009139945041106885
8.238855928489173,17.65485684897673,0.0984916469934423
6.124306121885605,17.91686872748197,-0.020968724157594185
9.633227602883885,17.77850530459461,0.1762368404544191
6.608201195970132,17.982466066869783,0.006017038795890015
8.619374877818856,17.51796732970994,0.12098292215812399
7.264470978278453,17.625728837716828,0.04337244634347159
5.241072233603674,17.64875444424292,-0.07133238611107723
5.960425278208631,17.98906427744463,-0.029994596354181054
7.369953976638946,17.927972024910755,0.04852495170285589
12.158420551371323,17.02011137890473,0.3324549660929099
7.077526877709698,18.06808112965028,0.03196392984764483
8.708825729820225,17.208561075597935,0.12835621294056831
4.251426400811011,18.848490881562746,-0.11929727495523279
7.160001224360394,18.193699833123897,0.03627636107081302
8.169697344152855,18.1752294553179,0.09186664455915948
7.390859036923467,17.78594141770807,0.050087820262159855
7.994297264994486,17.819929698444305,0.0838553961930018
6.935300292209952,18.2291590273057,0.023879340322716457
7.218624197542763,18.27417770662501,0.03932457093717747
6.340256934267127,17.220783668887915,-0.009276178645776397
8.016316100107387,17.982141019954213,0.08432344615831781
6.744680363545945,17.335713996373137,0.014114236286843163
11.03829631206065,17.97086162352767,0.25253637845160726
8.365051002323137,17.50621102382537,0.10653653150786675
6.305762795550886,17.450997566096575,-0.011130435593348219
6.180144403164115,17.915914486282894,-0.017853154918816973
7.1367077745383405,17.278076594292763,0.03685061650604419
4.411480384187696,18.3289121798992,-0.11394673046132683
4.918129380589989,17.86369645451351,-0.08855225588040766
9.215387868039542,17.458262856060728,0.15553597115745568
5.898393347569501,17.393223983717,-0.034588564661370724
4.331971165108473,17.48286473999167,-0.12400878615346195
5.701769848310174,18.606809675243568,-0.04289989340579297
7.985768619059954,18.045143048499334,0.08233620620610775
7.972308190531726,17.81089167851561,0.08266336223400306
11.729157680426013,17.540126518716136,0.2981254254264505
7.312839652716886,19.173451425091706,0.04239401841095484
7.09642801846442,17.36094147832807,0.03435458953703342
8.62352961205052,18.056762612591594,0.1176030087790881
10.643318360118368,17.85406010678442,0.23206589063425045
5.793427159410599,18.363371207197257,-0.03847729442578988
6.966367224042896,17.53199431186601,0.02660092261878327
4.659101376857221,18.315195930830875,-0.10051209007510009
5.767360448114705,18.46698672999901,-0.03967293433395638
6.388684165995179,17.64539581952761,-0.006308491752938277
8.623403152884787,18.085268236127494,0.1174106529779323
7.2887378122722,16.848458024057635,0.04681364972070289
5.385948003691611,18.549436994558036,-0.06005853420970273
5.715737123662054,17.79407194879582,-0.04407439053830618
3.773439417210741,18.445669716325344,-0.14781575430552768
9.68277563098987,17.590667257588393,0.18093546904065616
6.69026671500847,18.25883118781472,0.010420530922890959
2.8678011243045196,18.040359572830763,-0.20133738803996254
7.981504810907296,17.42807252605999,0.08500680776328072
9.086193822014698,18.40502188681434,0.14051566131890825
6.140325261489224,17.75809361951986,-0.020254130100734374
8.933910588973541,17.129532251379334,0.1420885610450661
10.545001956918004,17.61812593689936,0.22959320255772275
6.126350969553008,17.862639449890207,-0.020917906980946706
6.694385686104868,17.46098485581113,0.01113257285943835
6.2249285977209405,18.031391413295577,-0.01525514010395414
4.243036404297776,18.82751301270724,-0.11987582184534588
7.550693490576204,17.79462170045435,0.05904556490511833
3.8352241560042195,17.952363411086083,-0.14843593475554354
15.186677624488757,17.903913587768415,0.4851831741649667
6.751141023055027,17.247041331246173,0.014561397414873622
8.965888526615046,17.13008513561772,0.1439507455504613
8.623661745541684,17.31278395323397,0.12266437051823727
7.043118077179064,17.49619667763012,0.03104206515199221
13.359300568364949,17.570116864628144,0.39039584205464073
6.47940838600226,17.810856713039378,-0.0011561270931265946
9.65755716561818,16.97072460670943,0.18605906576138945
5.057868647284293,17.10429871962074,-0.08431397137968626
7.285834124189458,17.790323528930607,0.044171997373265035
6.858053354862789,17.47523020895975,0.02048919245019221
15.068628042479867,17.32940107814185,0.49445609827149556
10.101942647166492,17.74871470519231,0.2029410414779364
6.082229146862306,17.147901995582416,-0.024362796874236772
9.475785284494487,18.10009937036704,0.16440712416012238
5.315826995336915,17.499600057509237,-0.06766857532580843
3.0994768432454376,18.229705034472587,-0.18653747552821798
2.3117863735720547,17.25686367600861,-0.24269842452604048
3.168854611452184,17.12707953602679,-0.19449582058288198
9.021098460217903,16.918801841128207,0.1490116430165475
4.587670768088282,17.808222652834328,-0.10738462053131144
6.428089852485819,17.49681318235386,-0.004109899715149574
7.3628424578376634,18.24609526198274,0.04728915669071768
6.569252433046695,17.9930312607845,0.0038488474811706136
5.518040937814275,18.15374257090986,-0.05409127392603042
13.3734629486987,17.546802599287137,0.3917216774854436
1.4365278162586537,18.951751522163562,-0.2671770035513473
6.261598351992546,18.335722551891216,-0.013002031817004352
8.557694544543759,18.396518079103103,0.1118523916154072
7.094652780955337,18.194018256578484,0.03268397187302619
4.683100028614514,16.973559924770264,-0.10704295265332078
9.419491948424344,16.710651365731348,0.17470844699754595
8.077929691166926,16.88591071341056,0.0934465258017594
6.87514915444723,18.2508367605541,0.020555175599293454
6.801701230962191,17.024032803656556,0.01772207763235685
8.267828343116097,17.918597003222622,0.09865885944073394
13.524171391982854,17.921904476162663,0.39193219678887775
4.956733675993673,17.307946876273654,-0.08916518724250827
7.908630808288708,17.50645574344248,0.08046350608782414
8.158488911831489,17.934671392626512,0.0924738945879624
5.157250572977194,17.41393793070426,-0.07710774164729678
9.856037154211487,17.557051252500315,0.19115038772433673
6.3284926286558,17.58414177656441,-0.009753525279964436
9.95883304583624,17.50904468302543,0.19754550339285445
7.956375433191807,17.48816943310106,0.08327775178316982
9.370701525486334,18.158369391462067,0.15809247315103728
5.9464473173165935,17.342118431535923,-0.03191955382318194
7.623644795852489,17.532232728846974,0.06409022816607267
7.624813532353486,17.33548778591208,0.06488502349888192
10.772635721845127,17.641922689648517,0.24218651203772226
7.030133575297979,17.875439913807003,0.029657092516559763
10.050467793888089,17.04527455094564,0.20829631011670127
10.093468492042668,17.388669878607562,0.20665574291358177
7.953067193677815,17.73229281613163,0.08194468751135858
4.2906137007320115,18.098229069078073,-0.12207748563879435
9.036218589861509,18.239244879737758,0.1390528284797048
5.424658032064183,19.145480294423958,-0.05616688384929187
7.437905748121911,17.506182027841213,0.05357568809865555
10.76394082379749,17.036811911000637,0.25027809463836787
10.152726818213221,17.86625552229226,0.20444836992595372
6.858904077922028,18.198438420924013,0.019721696423654147
10.341703710893922,18.684930644614955,0.2056043869770055
3.796618443769052,17.027533903503482,-0.1587653016315367
6.484062194882186,16.956098095684023,-0.0009399453239699915
7.239875222798917,17.933321796918424,0.04125700922436205
7.617680428057327,17.525030087800484,0.06377623447479079
6.270630585482967,17.57127002146772,-0.01305366170099264
7.026547186436086,17.841097560239724,0.02951316109663213
12.95616952949713,18.289005697255494,0.3530082299917466
3.1340648900051864,17.153517338330822,-0.1962241937677341
9.505104686980541,17.591788531551018,0.17082428438648298
6.494066686375216,17.61326416700265,-0.00033686621449190553
4.646447184216016,17.614620203638534,-0.10522808861931114
3.7526465583983417,17.196357387328405,-0.1597636859784107
11.375060950407399,17.128237459217395,0.2846212847069056
5.3575970731219735,17.682249819615315,-0.06460732873543804
8.448299119669647,18.3273515886262,0.10630554612586496
9.886312220640297,18.538049363956635,0.1826682060316591
5.388520654939796,18.01360950521923,-0.061702200480040714
10.109981739810113,17.631766543183097,0.20474305458665606
7.513132618623704,17.675638363746746,0.057318021435744486
10.260229059324105,17.459300786619195,0.21537111395697725
5.416816628844907,16.935103120331878,-0.06396083705298787
6.79090251874296,17.890636413858076,0.016260043075808448
4.011278795089843,17.297136370653472,-0.14388053326171096
8.895279693716281,16.605234758743855,0.14424846914344241
5.421633454270048,17.516463863685853,-0.06156302745359244
2.7642328746533824,18.271650852963262,-0.20445701132367894
4.265747648523524,17.200552871165545,-0.12989421725053416
12.171543167076416,17.597853491446465,0.3222860770964539
9.104002123134931,17.78547732300365,0.14641170860041677
9.32817673538147,17.735579961819205,0.15946344813476138
10.112195661815246,16.972726698721246,0.2128235330677536
5.540120955864074,17.264173779453458,-0.055599477646494935
9.165413244441387,17.46392177093034,0.15262397984845047
7.323307996820705,17.939024630126976,0.04589480274407077
8.320855541187361,17.81734493073916,0.10219567215348407
6.31387012664416,17.016293930997588,-0.010938332054594959
6.064034909065674,16.94144154656234,-0.025733647856122976
7.257049718570764,17.959358572809677,0.0421534942632601
6.950174645136778,17.756818320856972,0.02535221327392911
6.095578897681597,17.825773611514563,-0.022687436244403277
7.471616873190183,17.66901837235012,0.054989861503038896
10.933419848377017,17.805502758721765,0.24899155662455924
7.003109236134635,17.81045547515838,0.028247971357967774
7.398022106311617,17.82272958596785,0.05038633964455401
7.9398213295865965,17.9958660399081,0.0800084489623123
8.248093590783864,18.228071042081428,0.09590118377025222
7.155624507682982,18.949241543216857,0.034598984143387634
5.763565742791993,17.544304682171923,-0.04197568786845986
5.647185528678767,17.491579146589658,-0.04875571634637155
9.067789310680654,16.81126706005129,0.15274216402061125
5.034971231785213,17.2485432584117,-0.0849363767285291
5.144814941968883,18.013455811819274,-0.0752318196013189
7.43352566336475,18.11752885234732,0.05152610330982314
9.100382315732489,16.85324734137792,0.15429562404558417
3.8982492135070634,17.87756536331963,-0.14553160531752773
8.354097721472037,17.596497224270614,0.10536743181561752
3.286639184406533,17.266244639401602,-0.18610652650319642
6.568904763140433,17.619979452779933,0.003910604057461699
3.8121648664235224,17.44483538275684,-0.1540762681104598
7.132720453528747,16.68958184226487,0.037911102837006924
9.050416202533409,17.72244281798157,0.14390884082558308
7.78161221488771,17.50439719540737,0.07321658669993887
10.28126711307477,17.1054432141988,0.2210563658435951
5.217191606781546,17.664825460695102,-0.07261936417502407
9.006797035418856,19.03074515968659,0.1317235354887249
10.206348204224323,16.874485710871355,0.21964214303944776
6.747902498207273,16.88777298692076,0.0146794073084277
7.620280579763714,17.74089933707956,0.06314677505791709
8.389564539523118,17.189035487481455,0.10992847975090068
7.65905424174088,17.780534671834875,0.06518669225267287
6.453703332209091,17.028916227576936,-0.002718708998986962
10.141815990497705,17.066996677331637,0.21338352958928972
8.104854139220706,16.85349757813746,0.09522380335477307
11.836169432699803,18.14009838257288,0.29416430496464335
7.869343355281373,16.98261902637454,0.0806320481637573
8.307426790974159,18.3345901347302,0.09858015792512595
7.317574303849245,17.55795067342456,0.04656433538606029
4.311796781489616,18.09714448363171,-0.12091428128285896
7.490726870937681,18.541159929061266,0.05343392078641332
6.134684220389628,18.280436023993964,-0.019983975170552646
5.342316505166704,17.246171184242108,-0.06712698618526268
7.744603149431983,17.64913749761908,0.07051920523594332
10.687631399299411,18.052872546966498,0.2319648237921602
10.974584901699574,17.2122347405617,0.2599653658658823
9.566550948254207,18.430832630101015,0.16638157427819905
5.397114236995072,17.403618133943997,-0.06337106195486222
7.082178902179903,17.478243962793755,0.03330877537921986
9.040579165674359,17.13856834611047,0.14823753736997133
6.1248003167260405,17.737551112650703,-0.021152845784126403
9.07809543420068,17.459878467333198,0.14765826915829927
6.772531193577801,17.66944220071974,0.01542387079806624
6.799808939646702,17.429522833252843,0.017201213281336242
10.378370929703175,17.37273209579988,0.22324473251048577
5.783245500761511,18.00197079046694,-0.039815335086425686
8.22896951455052,17.63660441972954,0.09803301550588588
7.404625448895907,18.08019175430868,0.05003406275712349
4.36764922002749,17.596341979901904,-0.12118148092416181
4.084343739399248,17.912439323710274,-0.1348591454768087
11.25936402730768,17.422337338749035,0.27317597718202674
5.3605082350244295,17.838282713581023,-0.06387900580295368
6.858689155543068,18.63339157994537,0.01924980506120614
5.940010803339592,17.334976769486037,-0.03230400617819873
12.039034045805904,18.86378392555164,0.29363324281418923
8.34310739559658,17.92276776811706,0.10283609202788957
5.80479292852292,18.579849079709053,-0.037417261490908016
2.8910128402528703,18.496624368855056,-0.19511598915443223
11.298100776239107,17.852663661788213,0.26876105813324347
7.066996795969435,16.5626671369155,0.03423342335400142
9.350761100440783,17.40795120651902,0.1637620111994118
5.800747031613019,18.179219456503457,-0.038464410975402444
7.852963859660777,17.679140247539273,0.07652882666899449
6.017466224589958,17.41326517328262,-0.02771070046934104
5.217732023108848,17.455757458152217,-0.07345816874261765
6.889913016515184,17.68807963570585,0.02204382977381502
10.756316688452781,18.103193690437482,0.23511413296655298
9.617349127489202,17.324627408621534,0.1799374413061181
9.528333618782234,17.528091839652507,0.17277029618999712
5.059386670563859,17.931108815427976,-0.08034156416454481
6.453038557150827,17.454674520619378,-0.0026904794353912196
10.176698563012385,17.7550311460608,0.20707925166485056
6.365235591951112,17.454231478989374,-0.007721016431523258
11.608992971137173,17.03016422845492,0.29999669425388104
7.7077209312817825,17.323458382625486,0.06971592534277464
7.466065433498276,17.70373389922229,0.05456845651869597
10.10453796464258,18.545685567872127,0.1943599200714882
6.901954956908894,17.24115084679803,0.023313696427842794
4.459056115813787,18.24457241075145,-0.11186581073193547
2.579618715853607,18.864045340317674,-0.20782293582424
5.3264959298234364,18.174732610631644,-0.06456788637925277
5.890209666892489,17.8228883479316,-0.034213889533694954
9.307609474029324,17.222023504299916,0.16302436663893374
4.909029560267722,17.298221172261297,-0.09197306612563673
5.637091378537478,17.722486050248246,-0.04869004376789653
6.246238948248933,16.854912834121983,-0.01505561341363571
6.500280305910364,17.531114905609172,1.5989052143725707e-05
8.547186221240501,17.47100740449094,0.11717619790569549
7.6261374926311705,18.672181909430027,0.0603109748016345
10.251737394434763,17.518749680313363,0.2141555455096641
6.878877208632458,17.477586933665624,0.02167789009263393
9.566393553115407,16.846956865766916,0.18201468535521279
11.194258579506293,18.51328247180726,0.2535616569700641
5.972942499555027,17.900820593999107,-0.029443203325643
6.415551102402392,17.48918730583861,-0.004828634751336656
5.09047674430981,17.85885842810125,-0.07892571976897914
8.126934902283613,17.677248041035305,0.09203553055921983
8.727813299116749,17.797308066789466,0.12517698130280405
9.95189023044287,18.343982906701903,0.18817561311517228
9.255060577627251,18.000928165572788,0.15305102894062825
7.841888718693239,17.340563405923618,0.07738437830888723
4.414276101477303,17.328813118012977,-0.12036161301518254
7.484814557120919,17.542667338072807,0.0561382450081339
5.984726699656521,17.327772773486412,-0.029736845414542204
9.479905887354724,17.86575342802109,0.16679430281854027
8.663886359977283,17.56114196532442,0.12322013934230543
8.407391389040004,17.52513805378792,0.10883745298815131
10.12038674666867,16.76461625166077,0.21595404823596964
9.673908515042564,18.767475815553922,0.1691174959400839
10.449457849870853,17.432546717806293,0.22655656191855897
5.863059854241269,17.530318584470262,-0.03633363208373081
6.108518493923152,17.60127707919933,-0.022241653507033807
7.553228865933049,17.78366235291032,0.05922451995725648
11.884618600934507,17.82980731461312,0.3020009417892773
10.301597027106792,17.384070968259035,0.21868278345434702
9.04953637495844,18.534497575637243,0.13755627119397554
7.584880158760811,18.003815649139003,0.06025834633630526
7.087917502779918,17.296901578220144,0.03398975823046886
7.511826786463222,17.498799532554713,0.057822640037724984
7.525965921641391,18.275347085331425,0.056139339890560795
4.4226684986751295,17.268530271990297,-0.12029579058585663
5.691772115019334,18.33780884755563,-0.044074397966494254
7.421566616223988,17.32828827994599,0.05318278420439918
4.4245540614884495,17.342920725589416,-0.11967107336477863
6.0910489600715225,18.41656558045487,-0.02220560821407924
3.8991145330081487,18.909319120621657,-0.13754516756531135
8.697861517835575,17.670792468868186,0.12437820894041358
7.678055043028932,18.163164679009896,0.0648595695655582
5.644237298632944,17.696171595295418,-0.04835863490352705
9.306335369195228,18.649278436715765,0.15047956834996126
9.119363807774148,17.538419951673966,0.14935004492945447
6.65598753022782,17.766630005174065,0.00877980405864214
4.3204143104625805,17.923021163069954,-0.12160816358507763
4.975188096581235,18.35233056386815,-0.08308546416555929
5.07098042267597,17.65637365070902,-0.08093505527204592
10.78823277268654,17.19509633532774,0.24938695829672447
6.605543701607942,17.970460898239605,0.005873177221530323
7.683668087905568,19.237590186316798,0.061528916898722606
4.585154194812004,18.544582450170626,-0.10325634509880148
3.729678814664087,17.578903610714274,-0.1575935136049903
7.000954574409869,18.12509909749616,0.027638721957612463
3.744365898591569,17.349871657148736,-0.15882734788260044
3.910984046791001,18.07076708930434,-0.14327094917522215
7.168757069654652,17.023431618623412,0.03928450412565704
5.472512148347857,17.248755759251516,-0.05956880983145941
4.76733528182509,18.68195656228238,-0.09274535632274429
6.440493988130973,17.26338038806831,-0.003446950164531819
7.067370732651663,17.79828492025189,0.03187783177951472
13.654597027448775,19.71262549828762,0.3629449069617985
5.467478564863616,18.983627913896623,-0.05439010076575222
3.3447461077958693,17.643902515394544,-0.17882970558532213
6.901277947692891,17.338126287991056,0.023144251058479646
7.809948493829477,16.33516278075307,0.080191946135543
10.024057861919369,17.75544432000357,0.19847759359922684
6.170862002735738,17.763854500808186,-0.018528523595444175
3.3116608894681794,17.516010460888932,-0.18202427531377563
7.362678732786376,17.45684878943684,0.049417781135183116
6.4539357296082605,17.6019334690971,-0.0026170005967021907
7.985971100465681,17.73359845276394,0.08379411005745874
9.028846930689394,17.4168805983926,0.14519516950255607
6.77966858516957,17.926695852359597,0.015600676637393724
8.070205931581537,17.975416390052544,0.08735296571213094
5.269904323030575,17.504448210036777,-0.07027331922774394
4.21902992170673,18.60347955161262,-0.12260986295413469
8.293880128634763,17.177418985255237,0.10443246043975495
6.653940378084706,17.470515783317513,0.008811438654358615
3.225449541648179,17.31308727128302,-0.18913729290692557
8.194784818760153,17.016211065923187,0.09959824852867183
6.849468052496147,17.497326812911645,0.019972653893523123
9.722038579847107,17.828333090398154,0.18072573378059706
5.388950155558763,18.626932891137983,-0.059647492742610046
10.450195436573443,17.550194251642342,0.2250798697686086
9.76682587699611,17.32379635283493,0.18857447931506738
10.855542447224328,17.45845781563586,0.24948036609072582
9.426355354832044,17.807334967402273,0.16433426788393468
7.265250493986682,18.029010235027425,0.04244550776835904
7.843661275707996,16.77070848274122,0.08011952966034565
4.213059651172086,17.458951424309106,-0.13098955906616905
7.752451082001432,16.873438368658146,0.07422619235258054
7.203295911095556,17.383475650498024,0.04045772693767409
9.626777335863853,17.748295101470728,0.1761733911898247
7.948216417521257,17.324664738256708,0.08359275284117179
4.958028394640782,18.22621677813081,-0.08460184711560065
8.015073096724134,17.8209031987882,0.0850166279353987
6.898363188068175,17.60593728494618,0.022626639049134433
7.610936846693911,17.740815964484323,0.0626203918082413
5.56272063615638,17.773564636298254,-0.05273446171453145
6.6184181066762,17.893733111904943,0.006617853632644937
8.621562607440438,17.78168734081874,0.11931165849318963
5.7778812194759315,17.083846841414527,-0.04226909707323726
12.51026690019739,17.531939604184096,0.34281813854543536
8.704590214276584,17.516862907835982,0.12585531015889742
9.26777912878093,17.78170860103348,0.1556531597093018
7.391994154055208,17.606539994327086,0.05066266025821158
8.385257643832498,17.932652636688378,0.1051298813414505
8.280057076757522,19.047124275965057,0.09345542408224419
5.219334430184955,16.451835751346515,-0.07784332333309542
7.981370479477115,17.70998538876824,0.08364605881699978
8.872933056621012,18.072610579496054,0.13129996057753707
7.270291916474418,17.90046435248404,0.043031951646970816
11.103333592467376,17.52853242946285,0.2626194526547961
7.336420684393941,17.120710112662987,0.048854321981381996
6.575514353443639,18.40200764898001,0.004103593199398763
6.027354836654868,18.159252836020134,-0.026027786914647032
5.665429479516498,17.265512207839645,-0.048337431895275805
6.404137879199638,17.76971287297485,-0.005394691601694615
12.602516532875768,17.776139898385363,0.34329818328162853
4.9189477112171724,19.143435697695836,-0.0825897876300819
7.108433691721817,18.10466510660939,0.03360645933736157
2.584827000047347,18.034533702541975,-0.21709310950472804
5.572122923497166,18.510475981456853,-0.0501271321943503
7.261342607041647,17.74108347064533,0.04291409869647344
6.03208060500755,17.613310394128476,-0.026566237948570652
3.417210009030976,17.816099178842464,-0.17303394867884414
9.83829121126939,18.088140248282556,0.18455690664972346
5.38169596981761,17.629399361937207,-0.06343404033360701
8.290816396498055,18.505788501176674,0.09677060755256056
9.110709709185102,17.432077489763756,0.1497646915990438
12.101786576133506,16.39323474096259,0.34171331434277846
7.256586900947548,17.88991378019826,0.04229125473958339
4.841170444592782,17.50972951354932,-0.09473758884302513
6.667250473225198,17.46704075899543,0.009575203695512314
5.427928583876764,17.83463055988774,-0.06011178154340104
4.460510802388053,16.929448045327568,-0.12046991680717165
6.181435855337444,17.795496264791115,-0.017901391448848995
5.928876268557277,17.48870951993229,-0.03265671093637873
8.599676725646779,17.283569438711467,0.12148397546538946
6.774413954456386,18.49243261597942,0.014839256692451763
7.0915233441868955,16.959911226478383,0.034877738231517914
4.212521276683572,18.08541545872815,-0.1264819560566122
4.9151634887633975,17.81712363933782,-0.0889501887800507
5.024779508998424,17.227525097490627,-0.08563159726387264
7.947874239060577,17.762807884984543,0.08151156328637155
6.660442783771886,17.65315576387717,0.00908861769067899
5.21721301537972,17.858114596292012,-0.07183216221978063
5.516953210574118,17.871939932447457,-0.05500504103872397
11.575888671373683,18.504287596724538,0.27430878626595545
11.16973731822554,17.198684559936595,0.27151712108863485
6.983280226870411,18.20272650788973,0.026549881231305642
7.977943325112672,17.01798181183843,0.08684598100137533
7.629969276581633,17.285623480272548,0.06537046684322527
11.674082012889178,17.9516796108815,0.28822272483923356
4.105818699088206,18.024553339807166,-0.13282888378844054
7.387844133933504,17.946539832154606,0.04947160523627866
8.075292978230083,17.894348138199963,0.08803299042043478
7.32298598151422,18.618564511642713,0.044202440043086204
6.69833721471796,17.719217657825475,0.011193339262942385
6.1523669246731965,17.059196978575482,-0.02037804450956241
3.752808280563666,18.029618616867367,-0.1523710388896544
8.795725148471007,17.076171963105953,0.13444026878102733
11.346788264297619,18.569177152859808,0.26101254915063227
8.58438754945091,17.779648276128217,0.1172344647700092
5.120632912681553,17.512706446185963,-0.07876378739956867
10.285808141402097,17.509579995723257,0.21621353238208943
5.847868206285593,18.01796314126162,-0.036193424784014994
5.461610676956038,17.820756131597992,-0.05826853335380046
9.377417128227323,17.268620993374444,0.16662691996838191
6.259458344563268,17.859585608077403,-0.013468490295090717
1.5369772128323895,18.059488688491317,-0.27481524381863437
6.403321227094698,18.04006041346719,-0.005359115806127237
9.124571805368035,17.82689969748473,0.14722536447200332
7.921504929109001,17.389976184081718,0.08174277607178124
11.198185253769562,18.090869989250933,0.2596992436826469
5.802733703491839,17.582023494036257,-0.039657909497429075
9.483695315937817,17.007481411940134,0.1754342835173177
5.354721165735719,16.813031501872075,-0.06811852069252107
11.571940023614866,17.60956594215234,0.2880218649497811
4.693539760523596,17.251066817166976,-0.10471585662625514
9.029956492742317,17.03306540714166,0.14853207172453825
5.774149478341362,16.80123910965447,-0.043202201749604534
7.0674350572227445,17.981837856544093,0.03155601011140463
10.88242408792532,18.21435247336259,0.2406027935571333
7.092677470393897,16.636039240175553,0.03562611639930485
5.351914644804445,16.898192272793047,-0.0679413121037823
4.852863513756788,17.983018719033677,-0.0915939927538329
5.640944883208734,17.536147339997143,-0.048987676719155944
8.674575531706264,17.314542922273596,0.12559243067911818
3.5827160903618536,17.204797210880557,-0.16956223743184923
11.595119277468514,17.967479326635484,0.2835745173178171
5.792922234530659,17.463603455345332,-0.04048865214314723
7.487979731681363,17.50507891493353,0.056439604556053735
6.697869279902735,17.930964576936027,0.011035060554257476
6.9451766224662865,18.167698277530402,0.024503743714022155
10.935434392567906,18.1638391372407,0.24419035860508623
1.1152764527176562,17.389364291363496,-0.30965614711727507
2.7531164227420972,17.724108539602877,-0.21140039674694158
5.518627573590109,17.71713401732568,-0.05539114991455175
9.999056163590431,17.874691890117866,0.19575476797588356
3.3885960891221507,17.311747420879993,-0.17972789431557512
7.912601041110168,17.303175195000325,0.08163825570686774
6.3302883733483775,17.6498256167403,-0.009615484613664188
4.093860859891865,17.369202412056122,-0.13852905176797367
9.112067974897817,17.64415624507035,0.14804153503387898
11.78860629237281,17.50800398131444,0.30206791693771134
7.408893591281062,18.383895016695774,0.04943966392625878
6.7070499522858595,16.491750556102005,0.012554758913040321
9.129534538691884,17.990745643240135,0.1461603977309249
6.880648165571957,16.454563431846672,0.023133288655670922
8.707777624871037,18.430608122539923,0.11978864778590836
5.2012746357559685,17.9679553568952,-0.07228008632299088
8.544476856022433,18.721057001119377,0.10920734101179162
11.027144079951979,17.1109594823577,0.26457569983844
5.757188750477953,18.31325438483678,-0.04056140071625331
7.978149032521909,17.74748816094428,0.08328778805863767
7.2970499719358966,16.87420838131143,0.047234806749136014
6.482489478665212,18.80522623559498,-0.0009311518572238522
5.923497471297437,18.18252145871349,-0.03170641266733056
6.412101356859824,17.25225920413129,-0.005094906243880653
6.3377040237190165,17.732518218832922,-0.009152449430933969
11.233489147285553,16.62554727296312,0.28471177938204006
5.442820711621486,17.636176988819425,-0.05994378991823001
8.115456163612807,18.170277247135264,0.08890652253902731
4.381054895975536,18.05592794279279,-0.11735453922600876
7.63680923342564,18.442693487517587,0.06164008712691867
6.672404806982691,17.397266123957706,0.009909879273805672
6.07015252228134,16.955781775588928,-0.02535108574807842
9.418121595626102,18.103349361517314,0.16119235934479711
8.631935064266889,17.086333810437417,0.12477428381766532
8.078099732617138,18.160168487326615,0.08689895876893666
12.177075498049156,17.48594073375812,0.3246651458156363
10.44461728771438,17.189590078896945,0.22947710036186647
4.120291782975782,16.943476829548406,-0.14044981682119398
9.96187251917932,17.35559263730461,0.1994672605842494
7.218262304197524,17.882699440899888,0.04016520585000561
7.809821362601791,17.298469763135405,0.07571891505647149
5.252069025458183,17.547375485010605,-0.07111781335093845
5.170495626704192,17.45227519352249,-0.07617942981951496
3.479480402015262,17.882816830333013,-0.16890625378778706
11.239925865851083,17.40307066909182,0.27236146746615697
5.937159391469103,18.217766738278943,-0.030895148489757756
3.24740676022425,17.991699597048246,-0.1807829895242013
9.656062493425775,17.57110587824691,0.17961661123065628
6.503478763293065,17.59245171612081,0.00019774181275011951
5.1325493514683425,18.073333289458144,-0.07566123119796983
4.721873404541607,18.197112681426816,-0.09771476533600125
5.168798331938323,18.62908998104516,-0.0714582231024788
6.598257605231157,18.220241250720466,0.005392771911144248
9.436814742526355,17.699144020029937,0.1659297613038683
7.828038824871282,16.733755122857552,0.0793628695484638
5.083183523107598,16.92933835468924,-0.0836900088596764
6.025087773623645,17.653749554242697,-0.02690149335794902
5.367907737968044,18.034944710565757,-0.06277215041134676
6.600015677147511,17.14325920224012,0.005834111003492363
8.265523147393914,17.285983679686336,0.10213611097346305
9.105226273742199,17.517182487694427,0.14872404712186635
8.635486892524042,18.14154065405305,0.11771254345186763
5.846155860152499,17.633621883816243,-0.037079401166449276
12.649476197851659,17.711651741327387,0.3471994756707423
6.745064502741278,18.314787160688546,0.013380690727724784
8.118292254117284,17.580038339989013,0.09205282848764791
4.775893785954654,18.04384138727729,-0.09555095154300196
8.415915415641772,18.889177867510348,0.10142926436926471
8.40701078706204,18.032104470374282,0.10575641851427545
6.071534684137044,17.596507309236024,-0.024349452327852843
7.958183608142064,18.067709010971924,0.08070661350902633
3.526256574799786,17.298442661505504,-0.17190815863544362
6.769303752090663,17.285391680534275,0.015579846674457271
8.34384941971569,17.930092995712705,0.10283546327152772
11.051787587405782,16.94452763016149,0.26862876834073185
9.535029470277916,17.812277362676173,0.1703897490748439
8.155990739851353,18.268801681480134,0.09064583264539465
10.241088162609971,18.153549255492617,0.20608026066737614
7.279181915733117,17.753805582768003,0.04388816313778931
5.618271490859004,17.739034863705292,-0.04970555139643161
11.223720517151872,17.497428241415964,0.26996656034119043
3.9691369393844225,19.42461598005349,-0.1302915364306012
4.444226608614246,17.847728576715184,-0.1151840349067048
5.279297712713491,17.556905124608456,-0.06952832965848434
8.597019087583174,17.929290611628847,0.116960516342072
4.6035205800460455,18.062075005098936,-0.10499787092117475
5.646029814475863,17.2732466001242,-0.049438892716207536
10.28489886465839,17.790914801808306,0.21274335281925383
3.9260892824909814,17.742687944383192,-0.14506881514104758
14.059937935057057,17.939628419212283,0.42140995110917734
9.74219970156169,17.408508595248954,0.1862422437753534
1.5278729778478783,18.05896129735894,-0.27532740894014085
6.943591939135599,18.28389294131304,0.024261350717783323
4.900725597416827,18.331515410887672,-0.08724180007689454
10.862376043093187,18.386067749584377,0.2372653088473363
5.238260273441723,18.570603376413754,-0.06794285037398377
6.784912457988853,18.384682307541304,0.015497273938314602
5.801641523671004,18.008277787980543,-0.03877985915983087
6.335563632217809,16.96252873793613,-0.009694095162499807
5.487630716700656,18.127819208337407,-0.05584617055501811
7.3381192176846595,17.38260159645261,0.04821598269016876
3.4003120839577043,18.54960401814259,-0.1671026461271422
7.337476770846413,17.6618636604415,0.047417236762061936
7.424068305792865,16.916925837471062,0.05462389057390377
9.560826574194376,17.274946637870926,0.1771829828686297
9.325188412698164,17.169303277271432,0.16454880941139424
7.454936980811509,17.220256317989755,0.055454283790996775
3.1881938559146645,17.772041004624278,-0.18634922928793632
8.452901117135028,17.46565224362511,0.11181380975038177
10.613675377976566,18.271717847316044,0.22513895039052553
8.332681828744684,18.162053497328582,0.1009071925162124
8.523160031059138,17.112951196616624,0.11822391169204838
8.558264346516445,18.066178236008096,0.11392915090442719
4.124991028278059,17.370829215319596,-0.1367239837708718
8.185268730155704,18.217292415978857,0.09250928687281272
3.1822949759348593,18.344675493676522,-0.18085384095285667
8.936202107645332,16.964063669880396,0.14360958288377548
7.217193899431362,17.66047353846324,0.04061011715622265
10.530965372358137,17.990366063734143,0.2240624430919143
7.335060811576604,18.401897394094725,0.04537906030519326
6.80497851638784,17.073165274412506,0.017863033098198252
6.77153892762801,16.954864335345334,0.016015399607883608
8.26274826655709,16.806602287843223,0.1048842732377944
3.486553505907808,17.70997366138607,-0.17015533459897564
4.742967183546611,16.8878430168542,-0.10404128074259436
8.871576911544578,17.479538848735242,0.13567731575001912
5.693422762314817,17.13975135994086,-0.0470588645509947
7.01584862961284,17.604501738631253,0.0293020863226628
4.222604439167937,16.913959806341058,-0.13464591301548826
5.686568319389676,17.723952159750567,-0.04589448635827122
8.179270379290642,17.48354208535391,0.0960486365458736
5.647629102573706,17.719117499169386,-0.04810459084467667
6.837744119865173,17.333648135174855,0.01948488380699242
5.295077444743234,17.125605591585288,-0.07035795311371693
11.020248402476259,17.99782334007458,0.25115528233968804
5.905597168595746,18.03817621690586,-0.032952490554292536
9.069927414977435,17.545936716773543,0.14646852182708714
6.677168209692643,17.40216709569216,0.010180813040032209
10.628651658552013,17.2733726463808,0.239018270668587
9.596212886995929,17.355231619439692,0.17840227977872922
6.641847480212267,17.928213006011916,0.007911969819005396
5.953306885700775,18.53303376740617,-0.029498306707922146
7.425473768697656,18.437477639884197,0.050195248329178106
6.698118660180757,18.32390214455885,0.01081203439189873
5.788303777095605,17.204058575119777,-0.04136792605052152
10.702794485155694,17.859827583656575,0.23532111189033236
8.812486383161197,18.20000973675584,0.12705962340728935
7.014273887177033,17.259006601262474,0.029797421083286136
6.234622779093195,18.217104017404946,-0.014567475744402541
9.712726017164387,17.600798527618792,0.18253296929244697
6.850790628843484,17.15941513151199,0.020443041103381358
4.666574038799999,17.30437374426456,-0.1059515928340186
8.94589320732419,17.63706594630234,0.13867914395574266
7.067801557306408,17.866188993142792,0.03178078758286589
6.794950882167164,17.38331084323078,0.0169674744257375
6.63499727110191,17.89136190098105,0.007545388207395612
5.179334749492153,17.210635189313873,-0.07673541597859516
7.7256699812813485,16.69024272715338,0.0734363185316235
9.92739446505828,18.27541349899896,0.18754128136394918
9.869886059038931,17.351145036977464,0.1942169264251599
10.236721969442593,17.34288930125634,0.215461328532605
4.8824965560342815,19.147618255949943,-0.08447543826831282
4.962881970973036,17.82775915271913,-0.08622048435024546
5.9502127812757415,17.778712799908117,-0.0309239046106364
7.323246385671794,18.177065152003756,0.045290390873745826
7.125353302466879,17.891290643473738,0.03495294525859098
12.04951595669977,17.68457818700792,0.31380539009840536
8.665015972553682,17.77135960239811,0.12182613041387834
6.92934982484152,17.724081073982553,0.024224095063059087
10.275725202298606,17.784451937259846,0.21230483883442927
3.701703448085971,18.376665199348153,-0.1522744481416187
8.267434785331881,17.36107074542926,0.10180448033697478
7.915926369756643,17.778708061690736,0.07964169077097662
4.796733207215994,17.5034459236597,-0.09731036963879616
6.960774557289769,17.601864891878837,0.026177598801043003
10.833337037750578,17.36712765254326,0.24951374369128912
5.821755014722347,18.515359095074192,-0.036631478860061226
6.790243826443742,17.51102180456533,0.016574922336517927
8.155071640934125,17.87945254842199,0.09256836228356435
8.967447531626597,17.580174096116615,0.14035398728910453
4.9525808271458915,18.335542868683948,-0.08439451091993636
12.207906850907428,17.4313411609742,0.3274508139216767
6.95532728039603,17.353168002631232,0.026238856232302325
9.369208493855671,18.05636958361494,0.15890284481434758
7.897282884535136,17.75214595812902,0.07871064646667666
5.599474372809139,17.1231968570404,-0.05259097554675371
4.0799902230187435,17.78281650814067,-0.13608697901558045
10.718627287431445,17.877482376792216,0.23597435021991053
8.096769257480169,18.300618685068248,0.08725220086591917
7.4703938731283905,17.408259388507528,0.05574330273186409
6.693895391503059,17.65533046033084,0.010982257847776655
8.108206370831885,17.929968338563054,0.08969376523510195
5.542887437587882,17.462150720636302,-0.05481069186288883
8.405703947623083,17.300149666319005,0.11015534457099088
8.648441660711017,16.634702466864304,0.12915419827860644
7.4799617176950495,17.32376889648814,0.05656746655710157
8.366098654838812,17.217863871602805,0.10838154307379232
8.131819857197492,17.657528168553398,0.09241496553881355
6.32975286492155,17.84523262598373,-0.00954020262143064
8.454189915209374,17.60187021639488,0.11102172048679161
11.88545498366095,17.712650550467284,0.30404568578353586
7.5188660704055446,18.160175750341597,0.05610441685215403
8.968818078529553,17.58401653987198,0.14040126002676787
9.700580157056145,17.64075028676457,0.1814310675582468
7.542152177946128,17.248537038674943,0.06041974317064673
2.9161274836100435,18.64534832025358,-0.19221268784219825
3.7655822905222487,17.716695864962546,-0.15434129085466086
7.862701252096303,17.259739215769677,0.07895259801209778
6.513553580772738,17.264704825471146,0.0007850456124069787
8.487035893204139,17.503647569927608,0.11352124665821053
1.4978617737347186,17.832323728372394,-0.2805096129062839
8.8162944686887,17.579449124781313,0.13176149333504864
6.395063623076587,18.2333154277742,-0.0057551999985459125
9.825677214198674,17.629613944814096,0.1886415224184163
10.150685595407548,16.706167503772043,0.218523224706281
4.885580245791974,18.17261713562891,-0.08883804364330239
10.326768529636146,17.527031352696497,0.218335236163505
3.055672302840014,18.210572915273495,-0.18913889822055924
5.41091186256835,17.943746698537236,-0.060694578213168406
6.390618589769345,18.090305751798365,-0.0060464102559339775
9.294743299087378,17.9338540464647,0.15583617954325352
12.746506820802622,16.91553097541658,0.3692764259000027
7.086494298985979,18.37582252935935,0.03191662838759612
6.7423055501660585,18.243050519715435,0.013282074174173682
4.0010285930884955,17.42522597780606,-0.1434111333818203
7.8714066366917965,17.664029336169992,0.07763838083554452
11.554494196596785,18.25142580395921,0.2769369500710642
9.899295043415925,16.916135552920554,0.2009498583634275
11.218059427582308,17.93141728476551,0.26311692782872
10.26538180523191,17.05035637032486,0.22083889177737853
6.2806490797345615,17.23340662211878,-0.012728239115759378
4.915807901992016,17.670158112249933,-0.08965353269305125
10.045156355269565,17.63394462410549,0.20104159510761763
2.5123526729274315,18.55325864448748,-0.21492975457749966
9.526467834604963,16.853853153505202,0.17957127115323943
4.990866068944777,18.13882766226939,-0.08319908867067392
10.950935211914798,17.390388364422773,0.2559422549194193
7.545011108805451,18.421465250001752,0.05672790381347929
2.040317114474648,17.111620556551213,-0.2606230585108408
2.7286084804412676,17.9618496172095,-0.20996676845269374
5.247655323683889,18.98878659104552,-0.06595180109647841
8.321628468863596,17.690689901656878,0.1029710248153174
9.57381571032725,16.865114707382215,0.1822588084136644
5.098774861354786,17.249944793657498,-0.08123070278812831
10.180763750181269,17.55764357743984,0.2096388239086225
10.193544247966349,17.959495304728744,0.2056596906146821
8.019416562857463,18.237944090451297,0.08331073696255999
7.108888024363734,17.279447114712415,0.03523770293815142
5.012462235980114,17.64027097029114,-0.08432624229668141
9.28019931935741,17.73191007928948,0.15679074092557158
7.507970510536438,16.626899809087156,0.060622877512351896
10.164179694530013,17.12053740173679,0.21402246953756837
5.503315477738145,17.633754773177255,-0.056521400863411966
9.709011080134413,17.17463793565962,0.1868459231662496
8.622590035923702,17.73902599873724,0.1196565153055641
10.789823541069518,17.516399608082782,0.24490326990998867
8.015892141974259,17.25432800094323,0.0878557624435672
5.315621133975312,17.457356215815032,-0.06784411404469891
9.13326463996225,17.784768489726968,0.14806291358154622
3.6710867526747704,18.43377258815164,-0.1534636078316124
6.19846688346108,17.274564045137087,-0.017455324241528646
7.147701552701818,18.465182480538324,0.03507691047107028
8.515196370382975,17.432826942816316,0.11559779587058848
2.5772203964301807,17.99662374960326,-0.21797308529364007
12.767964264478927,17.668409912961433,0.35475542481504163
7.709624768157015,18.1611247593014,0.06660516813736955
5.967341767520287,17.790493775845313,-0.029940609810556226
4.230090013764533,17.067478499681837,-0.13299621184686314
7.136165005889801,18.146691021316556,0.03505680485453301
4.398349674975885,17.13130483704957,-0.1226789403968175
9.249691488347437,17.11143024881428,0.160693258737853
7.204120253812231,17.348053993633656,0.04058785233609643
6.3017918233053996,17.394236167847595,-0.011395049186521832
9.663351228226045,16.81636370846244,0.18811148968157504
13.328202823291088,17.651714353886653,0.3868294425344367
5.3392841893992005,18.122915867217163,-0.06404685753137755
4.743395303848525,16.734246481965766,-0.10497064794907504
5.443419662374243,18.156745094418536,-0.05819216671993455
7.390019679933219,17.923501428472306,0.04965657427400771
3.7827253545276283,18.016479373340427,-0.15082162220290454
6.604792812329774,18.454500044045368,0.005678442227080906
8.282034593231819,18.04888260928232,0.0987337904405971
6.777862584782433,17.824117593482683,0.01558913552522973
9.790016533398495,19.028218431848238,0.17290197425376785
8.303076557890474,17.88860106473236,0.1007947212510243
7.994738186737002,17.070028173448335,0.08756506852531151
10.445784651606795,18.141472504596013,0.2175007927612909
4.313255743222688,18.19298951040345,-0.12019708226220042
6.332762276797835,17.222397120212634,-0.009710478862776373
4.508059395202692,19.183513710646142,-0.1038360664705473
7.272453960584134,18.737050685666137,0.04122601649228936
7.314555050755612,17.194422310031904,0.04737321417773759
10.624468412930591,17.991674903419966,0.22924316024332936
9.603815086130593,17.540807438839483,0.17694824465480505
5.129813885643239,17.585933225764165,-0.07791375622587822
6.9077827839851444,18.387369242763,0.022177331547613414
9.220643534652119,17.3426791719189,0.15687561925595436
5.890526945818819,18.266082656118893,-0.03336637995432566
6.715004065828458,17.392605829522218,0.012361808686741417
5.6562945800606705,17.877591975503858,-0.047193459896354484
8.297187948667721,17.842134904668793,0.10072718081497335
7.633484424637663,16.982272248833997,0.0667451568335025
5.234855905536543,17.619850283251765,-0.07180220456617713
4.92335766328289,18.166008284801354,-0.08679079696535273
3.8796980154894474,17.51816278711029,-0.14957630068596853
8.519352598678033,17.639489386546447,0.11447908465072595
8.870475956700039,18.09609619208931,0.13099377520640554
11.484582218431127,17.777778431660202,0.28038273947402526
5.250169011514998,18.472494955142043,-0.06765902448586655
9.584978361377411,18.6963170007642,0.16500460284511193
6.364817641754909,17.717967991293456,-0.0076296761745770734
6.826592632426966,18.04463282501058,0.018099156441371035
2.863391233286847,17.774307144471415,-0.20459918561969365
6.38462635603149,16.917120356922695,-0.0068199339801526745
12.497982859407216,17.164328566995987,0.34944465412648257
6.009154860127632,17.208843423141605,-0.028522843040823045
7.123506506636887,17.846728812034087,0.03493673900712017
8.680284881566308,17.093761277773233,0.12754857436796546
4.6427779150454915,18.135676643585423,-0.10240710183876194
5.209496009813861,16.983113726449474,-0.07598747856091374
10.467361965740151,18.1290614727821,0.2188398981213955
8.720327553483003,17.157086289304733,0.12941169124195026
6.669191844328524,17.81837592509501,0.009495357210992398
2.3996005890465484,17.00080503173736,-0.241188543912995
7.184780620283003,17.0668124481368,0.04012352173927833
8.11665298941596,17.19255619682719,0.0940321480359218
7.798053146097544,17.90662594421269,0.07249010227507806
8.913524260688156,18.239374907904175,0.13232494385771065
6.393091428452108,17.954323653659333,-0.005954475011711339
7.588331357138843,17.389843843422508,0.0625843088033531
7.670618197319752,18.336887217119127,0.06383952649427188
6.370446722837042,17.465687547236563,-0.0074175881603616685
7.638937926208763,17.28115262443961,0.06590636347936871
7.758407677122286,17.34888884016435,0.07253534729030896
6.3476199944111995,17.552496054429387,-0.008681386688040166
10.005279389737883,17.935278518803617,0.19544047704990444
3.4594257727420814,17.68352544024662,-0.17194389419305262
5.828463199256329,17.22878532818598,-0.03897760567281832
4.032235908656485,16.777884833505976,-0.14708433845101326
10.780343128232284,17.769984094340362,0.24087489924065536
10.697229972706161,17.84156155283288,0.2352501467025304
3.721621948551907,18.103563158364913,-0.15347133750100012
7.998662835413824,18.445495692200875,0.08124817356074025
6.415953381700566,16.952917291606777,-0.004957649285591965
7.2267614952364845,17.663068868217234,0.04114582243090342
8.711378433664626,17.78631798991326,0.12433031023726854
9.3508740660749,17.491560805051336,0.1629856876609664
7.93888945467173,18.31963087083962,0.07854358337329222
8.536431115778626,17.82280076803844,0.11425988217466643
6.21305763455409,18.111000253229925,-0.015843540468988546
7.598716410151095,17.35282802678141,0.06331627377712702
10.77218259004132,18.10278860151382,0.23599582827167656
7.112770987119372,17.271664124766456,0.035478398763017754
14.039899007363019,17.846004855289202,0.422497868206527
11.873594196895027,17.48909774880063,0.30725394037342707
9.76122419348804,17.940854375027353,0.1817764151760508
6.210314626811171,17.35294075017187,-0.016693733780308095
7.716377214182773,18.013360855942746,0.06752638910142529
9.945096570021443,17.796015749580675,0.19358808277648432
7.175072024050169,17.498809208957532,0.03857816929077687
2.8962078286257196,17.46666070279714,-0.20632404972503782
7.282467119095,18.049042713901716,0.043352278095742366
5.642484799683511,17.348367287468374,-0.04942915872757185
6.847975741051304,17.87823777703624,0.019463648788599432
7.550992846183373,17.945671152803406,0.05856525717173806
6.783262865187932,17.191278155869895,0.01647712651843824
10.833612382034268,17.469011599171825,0.24807427469106016
7.5115414621512375,17.393268764698995,0.05815706500230941
4.833605317790553,18.259808316866792,-0.0912602505618955
7.980470675935392,18.10762999117274,0.08175949456980863
9.588045543683517,17.69713130014039,0.17449413078937934
10.160477400035884,18.515649487931043,0.19769640824222084
5.713296958118591,18.41295166544939,-0.042725525824173105
6.581299928588072,16.725177081170717,0.004860930810687769
9.093396277206896,17.975894740621513,0.14427077564859114
9.745027537689039,17.70934677972263,0.18323812719081348
5.567755033096003,17.071241244449105,-0.054609091017744624
4.5024732974068495,17.803872595883224,-0.11219619169006169
11.422032451839398,17.61919725311538,0.27935622611689054
8.601116213575144,18.17745278158852,0.11558914435488513
6.774204856749464,17.613706361818068,0.015567697741565018
6.028233794018501,17.409355488323232,-0.02709843028352898
2.0584729808276836,18.155395613459095,-0.24463950627876654
9.685711660586183,17.992821808760006,0.17705458846011485
5.17345600060587,17.428335761632614,-0.07611420949982117
2.986014712729346,18.22289476407077,-0.1928335389500803
10.161109457913897,17.72445726207773,0.206556928868395
3.299138686481263,18.06063555492477,-0.17722860880418617
6.513496585194263,17.156880415840558,0.0007866572982464658
4.640264888078718,16.436316925002384,-0.1131479223969157
7.317816149293972,17.539605560798986,0.04662682672418763
2.7810189140567907,18.561175948216235,-0.20036344121292654
7.835977775236682,17.38314027284436,0.07685480035639604
6.761852777771371,17.470149025778728,0.014988582947116491
10.389361679483466,17.45107361710958,0.22287234383506432
9.173908292302803,17.659598052562842,0.1514138818077319
6.770923639977637,18.355601819158604,0.01475972526789403
9.521996472212928,17.109867196374292,0.17662302328409135
4.570494488676049,17.56922526814685,-0.10982302758802692
5.185328099604202,18.236956820700293,-0.07208833761691796
7.978549168980168,17.904021596787217,0.08258195852743415
6.286089190288477,18.215626744855975,-0.011743258286291518
7.904880981266412,18.2274263905637,0.07707511478382462
7.356979927115928,17.734198278965017,0.04832357875080338
3.720656264816835,17.522758776143718,-0.15861336509220741
10.347711943372447,16.922542550716795,0.22737197627607492
4.972850764900079,17.677077425016723,-0.08639150004166918
8.414761239954766,17.689110160750435,0.10824519846133031
6.713176835631442,17.588536567007175,0.012120214482842284
8.438374614231945,17.614407055704724,0.11004484045939933
9.73865330219478,17.150399616148206,0.18883835797886478
10.082824824544675,17.679563630193424,0.20265346472838683
7.451497115693749,17.74422232790407,0.05362292571128637
2.6077164641835324,17.18278160732139,-0.22652231895667055
4.824269021997624,17.934192552070456,-0.09343777106981697
4.6361255890058946,17.614954500173603,-0.10581204799454555
4.902814986870401,18.549100656968072,-0.08610579254847099
6.238859674881135,17.596246899613018,-0.014840683164351838
9.034646668244635,17.662822486834184,0.14350179141153419
8.282371123836024,17.11153418329303,0.10416197079372658
7.913477808161183,18.201479498246556,0.0776573029844827
7.116346564571585,18.278515998083826,0.03371972673471948
8.16219228316732,17.48166681572403,0.09508202511171575
6.094351690787546,17.19298750901196,-0.023593823295679574
5.079225490131272,16.96168053994084,-0.08376378192733511
8.70549206212726,18.242461184942176,0.12089882169779442
7.566818102420723,18.07597354819417,0.05901856957116983
8.775916953946911,17.719203326269206,0.12844352604571116
8.036819061654526,17.735933683551885,0.0866500230027222
6.366736782819429,17.326757166501846,-0.007691180519238258
11.11963788931966,18.084394868288555,0.25544885095493647
10.92931781203048,17.94945800478102,0.24676610351413875
8.288534377959508,17.503412045440843,0.10218204161087394
9.186569696086284,17.59779891886263,0.15266509797464609
8.448922245663358,17.98829807096742,0.1083438932340609
4.129277773320158,18.34401259844687,-0.12923684030180854
4.889475161461653,17.459362726462725,-0.09224419377560181
5.5090564382324185,17.917714268381552,-0.055305244124595074
10.17605473682777,17.69260771819781,0.20777348344454316
2.3092859123607323,17.86322946235441,-0.23460002551447504
6.847247046570256,16.971530991889143,0.020460561085279175
12.363825409643802,17.911922801765385,0.327369957683486
13.121512018124125,17.679528112444203,0.3745299069076058
8.28457935259749,18.32301406599696,0.09739551288721827
9.684771941758486,17.33437659385745,0.18372578468654188
8.000669615677225,17.43394266258925,0.08607746651005382
9.49210667327444,17.163863290734156,0.1743259441415918
7.274976939973909,18.924830329359082,0.04095027149446338
7.364642132436702,17.599120887961558,0.04912984790212725
6.538725260720366,17.989115383623417,0.002152705116095884
7.917010395097071,17.552587420317682,0.08072943100439062
3.384996262887183,17.570113479652193,-0.17728990428663302
6.463036565678625,16.536192431862094,-0.0022353050421785228
7.212856123111447,17.336312666975775,0.04111924702819752
6.585571067680865,17.440382133419384,0.004906490409799723
3.1526339647945147,17.75061894978687,-0.18857742621113935
5.30383395462414,17.317501761696633,-0.06907266774596647
5.677257464950413,17.85902956389733,-0.046068714546102216
8.739852377540041,17.288501846187447,0.12955734380385225
5.513640958066206,17.746415584818227,-0.055580747403301475
12.465685670240859,17.603906372955038,0.3388841967147683
8.13373580821497,18.07281159248886,0.09039743483487415
5.691207533597647,18.146578345292568,-0.044569970768740697
8.102537233446803,17.5906583851511,0.09110160622524292
0.4298512925169308,18.26510793122143,-0.3323357699467558
6.722363506082446,18.602339558757357,0.011953523661907597
7.04946200608676,17.253056468442036,0.03184722701695163
10.580973447896854,16.62057113522051,0.24553749776076575
6.974918733671563,16.694320648548867,0.028447922120918692
6.226510946285737,18.052400802734027,-0.015149733085520872
7.563762862527988,17.602668222560183,0.06043191004217378
5.261925866360806,17.43499411349429,-0.07101087190393444
8.560965869350259,17.70817101411729,0.1163850217906308
5.384819233256896,19.003482775994904,-0.058682967742723156
6.495154585208519,17.52161414814524,-0.0002765392931560354
8.42006062023917,17.22399964613766,0.11147588595484716
9.170497036100503,17.548925537129833,0.15217438984798773
8.678190728421324,16.544825719220693,0.13165389381471965
4.876164089148947,17.5618845116729,-0.09246364817919936
4.296928752360221,17.78658293561801,-0.12386141034588957
9.456569325088452,17.776764112487072,0.16631650768272527
6.081710783892876,17.359753770016052,-0.024095342690263123
5.9107253775777515,17.079560158859813,-0.03450174459654159
4.895441468608432,18.059055877759096,-0.08885063218435948
7.240402691057031,17.891457178680007,0.04138302898767333
8.855361002596618,18.353423885263876,0.12833360234695815
7.15325821224935,17.43639782000258,0.03746520462500282
9.699573411620415,17.371506915592363,0.18418513875434334
8.643478906534012,17.515253271319217,0.12237784251991972
7.6414892419901435,17.852156339267662,0.06394125282665822
